FE_EJERCICIO;MU_CODINE;MU_NOMBRE;FE_FIESTAS
2025;03001;Atzúbia (L');28 de abril, lunes, San Vicente Ferrer, 5 de septiembre, viernes, Cristo del Milagro.
2024;03001;Atzúbia (L'); 8 de abril, lunes, San Vicente Ferrer, 3 de septiembre, martes, festividad patronal del Cristo del Milagro.
2023;03001;Atzúbia (L'); 17 de abril, lunes, San Vicente Ferrer, 5 de septiembre, martes, Cristo del Milagro.
2022;03001;Atzúbia (L');25 de abril, lunes, San Vicente Ferrer, 6 de septiembre, martes, Cristo del Milagro.
2021;03001;Atzúbia (L'); 12 de abril, lunes y 7 de septiembre, martes.
2020;03001;Atzúbia (L'); 20 de abril y 1 de septiembre
2019;03001;Atzúbia (L');29 de abril, lunes y 3 de septiembre, martes.
2018;03001;Atzúbia (L');9 de abril, lunes y 4 de septiembre, martes.
2026;03001;Atzúbia (L');13 de abril, San Vicente Ferrer, 4 de septiembre, Cristo del Milagro.
2026;03002;Agost;11 de marzo, Día de la Vella, 29 de junio, Festividad de San Pedro Apóstol, Patrón de Agost.
2018;03002;Agost;24 de enero, miércoles, Fiestas en Honor de la Santísima Virgen María de la Paz y 7 de marzo, miércoles, Día de la Vieja.
2019;03002;Agost;24 de enero, jueves, Fiestas en Honor de la Santísima Virgen María de la Paz y 27 de marzo, miércoles, Día de la Vieja.
2020;03002;Agost; 24 de enero, viernes, Fiestas en Honor de la Santísima Virgen María de la Paz y 18 de marzo, miércoles, Día de la Vella.
2021;03002;Agost; 10 de marzo, miércoles, día de la Vella, 5 de julio, lunes, fiestas en honor de San Pedro Apóstol.
2022;03002;Agost;24 de enero, lunes, Festividad de la Patrona de Agost, 23 de marzo, miércoles, Día de la Vella.
2023;03002;Agost; 24 de enero, martes, festividad de la Patrona de Agost, 15 de marzo, miércoles, Día de la Vella.
2024;03002;Agost; 24 de enero, miércoles, festividad de la patrona de Agost, la Santísima Virgen de la Paz, 6 de marzo, miércoles, Día de la Vella.
2025;03002;Agost;24 de enero, viernes, Festividad de la Patrona de Agost, la Santísima Virgen de la Paz, 26 de marzo, miércoles, Día de la Vella.
2025;03003;Agres;3 de marzo, lunes, 8 de septiembre, lunes.
2024;03003;Agres; 12 de febrero, lunes, 9 de septiembre, lunes.
2023;03003;Agres; 20 de febrero, lunes fiesta del Pino, 4 de septiembre, lunes, Día de Acción de Gracias.
2022;03003;Agres;28 de febrero, lunes fiesta del Pino, 5 de septiembre, lunes, Día de Acción de Gracias.
2021;03003;Agres; 7 de diciembre, martes, 6 de septiembre, lunes, día de Acción de Gracias.
2020;03003;Agres; 23 de febrero, lunes, Fiesta del Pino y 7 de septiembre, lunes, Día de Acción de Gracias.
2019;03003;Agres;4 de marzo, lunes, Día del Pino y 9 de septiembre, lunes, Día de Acción de Gracias.
2018;03003;Agres;12 de febrero, lunes, Fiesta del Pí y 3 de septiembre, lunes, fiesta de la Madre de Dios de Agres.
2026;03003;Agres;16 de febrero, 7 de septiembre.
2026;03004;Aigües;27 y 28 de agosto.
2018;03004;Aigües;30 y 31 de agosto, jueves y viernes, respectivamente.
2019;03004;Aigües;29 y 30 de agosto, jueves y viernes, respectivamente.
2020;03004;Aigües; 27 y 28 de agosto, jueves y viernes, respectivamente.
2021;03004;Aigües; 26 y 27 de agosto, jueves y viernes.
2022;03004;Aigües;25 y 26 de agosto, jueves y viernes, respectivamente.
2023;03004;Aigües; 24 y 25 de agosto, jueves y viernes respectivamente.
2024;03004;Aigües; 22 y 23 de agosto, jueves y viernes respectivamente.
2025;03004;Aigües;28 de agosto, jueves, 29 de agosto, viernes
2025;03005;Albatera;28 de abril, lunes, día de San Vicente, 25 de julio, viernes, día de Santiago Apóstol.
2024;03005;Albatera; 8 de abril, lunes, día de San Vicente, 25 de julio, jueves, Santiago Apóstol.
2023;03005;Albatera; 17 de abril, lunes, día de San Vicente Ferrer, 25 de julio, martes, Santiago Apostol.
2022;03005;Albatera;25 de abril, lunes, día de San Vicente Ferrer, 25 de julio, lunes Santiago Apostol.
2021;03005;Albatera; 12 de abril, lunes, día de San Vicente Ferrer, 7 de octubre, jueves, día de la Virgen del Rosario.
2020;03005;Albatera; 20 de abril, lunes, día de San Vicente y 25 de julio, sábado, día de Santiago.
2019;03005;Albatera;25 de julio, jueves, día de Santiago y 29 de abril, lunes, día de San Vicente.
2018;03005;Albatera;25 de julio, miércoles, día de Santiago Apóstol y 9 de abril, lunes, día de San Vicente.
2026;03005;Albatera;13 de abril, día de San Vicente, 25 de julio, día de Santiago Apóstol.
2026;03006;Alcalalí;25 y 26 de junio.
2018;03006;Alcalalí;25 de junio, lunes y 26 de diciembre, miércoles.
2019;03006;Alcalalí;25 de junio, martes, Festividad del Santísimo Cristo de la Salud y 26 de diciembre, jueves, segundo día de Navidad.
2020;03006;Alcalalí; 25 y 26 de junio.
2021;03006;Alcalalí; 25 de junio, viernes, 7 de diciembre, martes.
2022;03006;Alcalalí;31 de octubre, lunes , 26 de diciembre, lunes.
2023;03006;Alcalalí; 7 de diciembre, jueves, 26 de diciembre, martes.
2024;03006;Alcalalí; 25 de junio, martes, 26 de junio, miércoles.
2025;03006;Alcalalí;25 de junio, miércoles, 26 de junio, jueves.
2025;03007;Alcocer de Planes;2 de mayo, viernes, 10 de octubre viernes.
2024;03007;Alcocer de Planes; 18 de marzo, lunes, 2 de septiembre, lunes.
2023;03007;Alcocer de Planes; 13 de octubre, viernes, 7 de diciembre, jueves.
2022;03007;Alcocer de Planes;29 de agosto, lunes, 31 de octubre, lunes.
2021;03007;Alcocer de Planes; 11 de octubre, lunes, 7 de diciembre, martes.
2020;03007;Alcocer de Planes; 31 de agosto, lunes y 20 de marzo, viernes.
2019;03007;Alcocer de Planes;18 de marzo, lunes y 18 de abril, jueves.
2018;03007;Alcocer de Planes;30 de abril, lunes y 2 de noviembre, viernes
2026;03007;Alcocer de Planes;20 de mayo, 7 de diciembre.
2026;03008;Alcoleja;13 de abril, San Vicente Ferrer, 21 de agosto, fiestas patronales.
2018;03008;Alcoleja;9 de abril, lunes, Festividad de San Vicente y 2 de noviembre, viernes, Puente de Todos los Santos.
2019;03008;Alcoleja;29 de abril, lunes, San Vicente Ferrer y 23 de agosto, viernes, Fiesta Patronal.
2020;03008;Alcoleja; 20 de abril, lunes, San Vicente Ferrer y 21 de agosto, viernes, primer día de las fiestas patronales.
2021;03008;Alcoleja; 12 de abril, lunes, San Vicente Ferrer, 7 de diciembre, martes.
2022;03008;Alcoleja;25 de abril, lunes, San Vicente Ferrer, 19 de agosto, viernes, fiestas patronales.
2023;03008;Alcoleja; 17 de abril, lunes, San Vicente Ferrer, 18 de agosto, viernes, fiestas patronales.
2024;03008;Alcoleja; 8 de abril, lunes, San Vicente Ferrer, 8 de marzo, puente de San José.
2025;03008;Alcoleja;28 de abril, lunes, San Vicente Ferrer, 22 de agosto, viernes, fiestas patronales.
2025;03009;Alcoi/Alcoy;3 de mayo, sábado, 5 de mayo, lunes.
2024;03009;Alcoi/Alcoy; 20 de abril, sábado, 22 de abril, lunes.
2023;03009;Alcoi/Alcoy; 22 de abril, sábado, 24 de abril lunes.
2022;03009;Alcoi/Alcoy;22 de abril, viernes , 23 de abril sábado.
2021;03009;Alcoi/Alcoy; 11 de octubre, lunes, 19 de noviembre, viernes.
2020;03009;Alcoi/Alcoy; 25 de abril, sábado y 27 de abril, lunes.
2019;03009;Alcoi/Alcoy;4 de mayo, sábado y 6 de mayo, lunes.
2018;03009;Alcoi/Alcoy;23 y 24 de abril, lunes y martes.
2026;03009;Alcoi/Alcoy;25 de abril, 27 de abril.
2026;03010;Alfafara;6 de agosto, 7 de diciembre.
2018;03010;Alfafara;8 de octubre, lunes y 7 de diciembre, viernes.
2019;03010;Alfafara;18 de marzo, lunes y 26 de diciembre, jueves.
2020;03010;Alfafara; 18 de marzo, miércoles y 7 de diciembre, lunes.
2021;03010;Alfafara; 6 de agosto, viernes, día del Salvador, 7 de diciembre, martes.
2022;03010;Alfafara;6 de agosto, sábado, 9 de diciembre, viernes.
2023;03010;Alfafara; 13 de octubre, viernes, 7 de diciembre, jueves.
2024;03010;Alfafara; 6 de agosto, martes, 22 de noviembre, viernes.
2025;03010;Alfafara;6 de agosto, miércoles, 10 de octubre, viernes.
2025;03011;Alfàs del Pi (l');7 de noviembre, viernes, 10 de noviembre, lunes.
2024;03011;Alfàs del Pi (l'); 8 y 9 de noviembre, viernes y sábado, respectivamente.
2023;03011;Alfàs del Pi (l'); 9 y 10 de noviembre, jueves y viernes, respectivamente.
2022;03011;Alfàs del Pi (l');9 y 10 de noviembre, miércoles y jueves, respectivamente.
2021;03011;Alfàs del Pi (l'); 9 y 10 de noviembre, martes y miércoles.
2020;03011;Alfàs del Pi (l'); 9 y 10 de noviembre, lunes y martes, respectivamente.
2019;03011;Alfàs del Pi (l');8 y 9 de noviembre, viernes y sábado, respectivamente.
2018;03011;Alfàs del Pi (l');9 y 10 de noviembre, viernes y sábado, respectivamente.
2026;03011;Alfàs del Pi (l');9 de noviembre y 10 de noviembre.
2026;03012;Algorfa;13 de abril, San Vicente Ferrer, 16 de julio, Virgen del Carmen.
2018;03012;Algorfa;9 de abril, lunes, festividad de San Vicente Ferrer y 16 de julio, lunes, festividad de Nª Sª del Carmen.
2019;03012;Algorfa;29 de abril, lunes, festividad de San Vicente Ferrer y 16 de julio, martes, festividad de Nª Sª del Carmen.
2020;03012;Algorfa; 20 de abril, lunes, festividad de San Vicente Ferrer y 16 de julio, jueves, festividad de Nª Sª del Carmen.
2021;03012;Algorfa; 12 de abril, lunes, festividad de San Vicente Ferrer y 16 de julio viernes, festividad de la Virgen del Carmen
2022;03012;Algorfa;25 de abril, lunes, festividad de San Vicente Ferrer, 16 de julio sábado, festividad de la Virgen del Carmen.
2023;03012;Algorfa; 17 de abril, lunes, festividad de San Vicente Ferrer, 17 de julio lunes, festividad de la Virgen del Carmen.
2024;03012;Algorfa; 8 de abril, lunes, festividad de San Vicente Ferrer, 16 de julio, martes, festividad de la Virgen del Carmen.
2025;03012;Algorfa;28 de abril, lunes, San Vicente Ferrer, 16 de julio miércoles, Virgen del Carmen.
2025;03013;Algueña;28 de abril, 2º lunes de pascua, 30 de julio, miércoles, día Patronos Algueña "Santos Abdón y Senén".
2024;03013;Algueña; 8 de abril, Lunes de Pascua, 30 de julio, martes, día patronos de Algueña, santos Abdón y Senén.
2023;03013;Algueña; 17 de abril, Lunes de Pascua, 26 de diciembre, martes, segundo día de Navidad.
2022;03013;Algueña;25 de abril, Lunes de Pascua, 30 de julio, sábado, Santos Abdón y Senén.
2021;03013;Algueña; 12 de abril, lunes, 30 de julio, viernes.
2020;03013;Algueña; 20 de abril, lunes y 30 de julio, jueves.
2019;03013;Algueña;29 de abril, lunes, de San Vicente y 30 de julio, martes, día de los Patronos, Abdón y Senén.
2018;03013;Algueña;9 de abril, lunes, de San Vicente y 30 de julio, lunes, Día de los Patronos San Abdón y San Senén.
2026;03013;Algueña;13 de abril, 2º lunes de pascua, 30 de julio, día Patronos Algueña "Santos Abdón y Senén".
2026;03014;Alicante/Alacant;16 de abril, Festividad de Santa Faz, 23 de junio, Fogueres de Sant Joan.
2018;03014;Alicante/Alacant;12 de abril, jueves, Festividad de Santa Faz y 25 de junio, lunes, Festividad de San Juan.
2019;03014;Alicante/Alacant;2 de mayo, jueves, festividad de Santa Faz y 25 de junio, martes, posterior a la festividad de San Juan.
2020;03014;Alicante/Alacant; 23 de abril, jueves, Festividad de Santa Faz y 22 de junio, lunes, Festividad de San Juan.
2021;03014;Alicante/Alacant; 15 de abril, jueves, Festividad de Santa Faz, 23 de junio, miércoles, Festividad de San Juan.
2022;03014;Alicante/Alacant;28 de abril, jueves, Festividad de Santa Faz, 23 de junio, jueves, Festividad de San Juan.
2023;03014;Alicante/Alacant; 20 de abril, jueves, festividad de Santa Faz, 23 de junio, viernes, festividad de San Juan.
2024;03014;Alicante/Alacant; 11 de abril, jueves, festividad de la Santa Faz, 24 de junio, lunes, festividad de San Juan.
2025;03014;Alicante/Alacant;23 de junio, lunes, 24 de junio, martes, festividad de Les Fogueres de Sant Joan.
2025;03015;Almoradí;30 de julio, miércoles, festividad de los Santicos de la Piedra, 26 de diciembre, viernes, Segundo día de Navidad.
2024;03015;Almoradí; 30 de julio, martes, festividad de los Santicos de Piedra, 30 de noviembre, sábado, festividad de San Andrés.
2023;03015;Almoradí; 30 de noviembre, jueves, festividad de San Andrés, 26 de diciembre, martes, 2º Día de Navidad.
2022;03015;Almoradí;30 de julio, sábado, Festividad de los Santos Abdón y Senén, 30 de noviembre, miércoles, Festividad de San Andrés.
2021;03015;Almoradí; 30 de julio, viernes, Festividad de los Santos Abdón y Senén, 30 de noviembre, martes, Festividad de San Andrés.
2020;03015;Almoradí; 30 de julio, jueves, Festividad de los Santos Abdón y Senén y 30 de noviembre, lunes, Festividad de San Andrés.
2019;03015;Almoradí;18 de abril, jueves, compensación por la Festividad de San Andrés y 30 de julio, martes, Festividad de los Santos Abdón y Senén.
2018;03015;Almoradí;30 de julio, lunes, Festividad de los Santos Abdón y Senén y 30 de noviembre, viernes, Festividad de San Andrés.
2026;03015;Almoradí;30 de julio, Festividad de los Santicos de la Piedra, 30 de noviembre, Festividad de San Andrés.
2026;03016;Almudaina;16 de enero, Sant Canut, 21 de agosto, Sant Bertomeu.
2018;03016;Almudaina;20 de enero, sábado, y 24 de agosto, viernes.
2019;03016;Almudaina;19 de enero, sábado, y 23 de agosto, viernes.
2020;03016;Almudaina; 18 de enero, sábado, y 21 de agosto, viernes.
2021;03016;Almudaina; 16 de enero, sábado, 20 de agosto, viernes.
2022;03016;Almudaina;22 de enero, sábado, 19 de agosto, viernes.
2023;03016;Almudaina; 21 de enero, sábado, 25 de agosto, viernes.
2024;03016;Almudaina; 19 de enero, viernes, 23 de agosto, viernes.
2025;03016;Almudaina;17 de enero, viernes, Sant Canut, 22 de agosto, viernes, Sant Bertomeu.
2025;03017;Alqueria d'Asnar (l');26 de septiembre, viernes, 29 de septiembre, lunes, San Miguel.
2024;03017;Alqueria d'Asnar (l'); 27 de septiembre, viernes, 30 de septiembre, lunes.
2023;03017;Alqueria d'Asnar (l'); 22 de septiembre, viernes, 25 de septiembre, lunes.
2022;03017;Alqueria d'Asnar (l');23 de septiembre, viernes , 26 de septiembre, lunes.
2021;03017;Alqueria d'Asnar (l'); 24 y 27 de septiembre, viernes y lunes.
2020;03017;Alqueria d'Asnar (l'); 25 y 28 de septiembre, viernes y lunes, respectivamente.
2019;03017;Alqueria d'Asnar (l');27 y 30 de septiembre, viernes y lunes respectivamente.
2018;03017;Alqueria d'Asnar (l');21 de septiembre, viernes y 24 de septiembre, lunes.
2026;03017;Alqueria d'Asnar (l');25 de septiembre, 28 de septiembre, San Miguel.
2026;03018;Altea;28 y 29 de septiembre.
2018;03018;Altea;24 y 25 de septiembre, lunes y martes, respectivamente.
2019;03018;Altea;23 y 24 de septiembre, lunes y martes, respectivamente.
2020;03018;Altea; 28 y 29 de septiembre, lunes y martes, respectivamente.
2021;03018;Altea; 27 y 28 de septiembre, lunes y martes.
2022;03018;Altea;26 y 27 de septiembre, lunes y martes, respectivamente.
2023;03018;Altea; 25 y 26 de septiembre, lunes y martes, respectivamente.
2024;03018;Altea; 23 y 24 de septiembre, lunes y martes, respectivamente.
2025;03018;Altea;29 de septiembre, lunes, 30 de septiembre, martes.
2025;03019;Aspe;27 de febrero, jueves, “Último Jueves” anterior a la Cuaresma, Día de la Jira, 5 de agosto, martes, Festividad de la Virgen de las Nieves, Patrona de Aspe.
2024;03019;Aspe; 8 de febrero, último jueves anterior a la Cuaresma, día de la Gira, 5 de agosto, lunes, festividad de la Virgen de las Nieves.
2023;03019;Aspe; 16 de febrero, jueves, Último Jueves anterior a la Cuaresma, Día de la Jira, 5 de agosto sábado, festividad de la Virgen de las Nieves.
2022;03019;Aspe;24 de febrero, jueves, "Último Jueves" anterior a la Cuaresma, Día de la Jira, 5 de agosto viernes, Festividad de la Virgen de las Nieves.
2021;03019;Aspe; 11 de febrero, jueves, último jueves anterior a la Cuaresma, Día de la Feria, 5 de agosto, jueves, Festividad de Nuestra Señora de las Nieves.
2020;03019;Aspe; 20 de febrero, jueves, Último Jueves anterior a la Cuaresma, Día de la Jira y 5 de agosto, miércoles, Festividad de Nuestra Señora de las Nieves.
2019;03019;Aspe;28 de febrero, jueves, Último Jueves anterior a la Cuaresma, Día de la Jira y 5 de agosto, lunes Festividad de Nuestra Señora de las Nieves.
2018;03019;Aspe;8 de febrero, jueves, Último Jueves anterior a la Cuaresma, Día de la Jira y 29 de marzo, Jueves Santo.
2026;03019;Aspe;12 de febrero, Día de la Jira, 5 de agosto, Festividad de la Virgen de las Nieves.
2026;03020;Balones;2 de abril, 30 de abril.
2018;03020;Balones;29 de marzo, jueves y 11 de octubre, jueves.
2019;03020;Balones;18 de abril, jueves y 5 de diciembre, jueves.
2020;03020;Balones; 9 de abril, Jueves Santo y 8 de octubre, jueves, víspera de 9 de octubre.
2021;03020;Balones; 1 de abril, Jueves Santo, 7 de diciembre, martes, víspera de la Purísima.
2022;03020;Balones;21 de abril, jueves , 11 de octubre, martes.
2023;03020;Balones; 6 de abril, jueves, 7 de diciembre, jueves.
2024;03020;Balones; 28 de marzo, Jueves Santo, 26 de diciembre, jueves, segundo día de Navidad.
2025;03020;Balones;17 de abril, jueves, 9 de diciembre, martes.
2025;03021;Banyeres de Mariola;22 de abril, martes, día de la Entrada, 23 de abril, miércoles, día de San Jorge.
2024;03021;Banyeres de Mariola; 22 de abril, lunes, día de la Entrada, 23 de abril, martes, día de San Jorge.
2023;03021;Banyeres de Mariola; 24 de abril, lunes, día de Moros y Cristianos, 25 de abril, martes día del Santo Cristo.
2022;03021;Banyeres de Mariola;22 de abril, viernes, Día de la entrada de las Fiestas de Moros y Cristianos, 25 de abril, lunes día del Santo Cristo.
2021;03021;Banyeres de Mariola; 29 de octubre y 7 de diciembre
2020;03021;Banyeres de Mariola; 22 y 23 de abril, miércoles y jueves, Fiestas de Moros y Cristianos en Honor de Sant Jordi.
2019;03021;Banyeres de Mariola;23 de abril, martes, día de Sant Jordi y 24 de abril, miércoles, Fiestas de Moros y Cristianos.
2018;03021;Banyeres de Mariola;23 y 24 de abril, lunes y martes respectivamente, Fiestas de Moros y Cristianos en honor de San Jorge.
2026;03021;Banyeres de Mariola;22 de abril, día de la Entrada, y 23 de abril, día de San Jorge.
2026;03022;Benasau;2 de abril, Jueves Santo, 13 de abril, San Vicente.
2018;03022;Benasau;9 de abril, lunes, San Vicente, y 26 de diciembre, miércoles, Segundo día de Navidad.
2019;03022;Benasau;29 de abril, lunes, San Vicente, y 26 de diciembre, jueves, Segundo Día de Navidad.
2020;03022;Benasau; 9 de abril, Jueves Santo y 20 de abril, lunes, San Vicente.
2021;03022;Benasau; 12 de abril, lunes, San Vicente Ferrer, 16 de agosto, lunes, San Joaquín.
2022;03022;Benasau;25 de abril, lunes, San Vicente Ferrer, 16 de agosto, martes.
2023;03022;Benasau; 17 de abril, lunes, San Vicente Ferrer, 16 de agosto, miércoles.
2024;03022;Benasau; 8 de abril, lunes, San Vicente, 16 de agosto, viernes.
2025;03022;Benasau;28 de abril, lunes, San Vicente, 26 de diciembre, viernes, Segundo día de Navidad.
2025;03023;Beneixama;28 de abril, lunes, festividad de San Vicente Ferrer, 24 de junio, martes, Festividad de San Juan.
2024;03023;Beneixama; 8 de abril, lunes, San Vicente, 26 de diciembre, jueves, segundo día de Navidad.
2023;03023;Beneixama; 17 de abril, lunes, festividad de San Vicente, 26 de diciembre, martes, segundo día de Navidad.
2022;03023;Beneixama;25 de abril, lunes, festividad de San Vicente Ferrer, 26 de diciembre, lunes, segundo día de Navidad.
2021;03023;Beneixama; 1 de abril, Jueves Santo, 12 de abril, lunes, festividad de San Vicente Ferrer.
2020;03023;Beneixama; 9 de abril, Jueves Santo y 20 de abril, lunes, San Vicente.
2019;03023;Beneixama;29 de abril, lunes, San Vicente y 26 de diciembre, jueves, segundo día de Navidad.
2018;03023;Beneixama;9 de abril, lunes, San Vicente y 26 de diciembre, miércoles, Segundo día de Navidad.
2026;03023;Beneixama;2 de abril, Jueves Santo, 13 de abril, Festividad de San Vicente Ferrer.
2026;03024;Benejúzar;4 de junio, Corpus Christi, 7 de octubre, Virgen del Rosario
2018;03024;Benejúzar;31 de mayo, jueves Corpus Christi, y 1 de junio, viernes.
2019;03024;Benejúzar;20 de junio, jueves Corpus Christi, y 7 de octubre, lunes, Virgen del Rosario.
2020;03024;Benejúzar; 7 de octubre y 11 de junio
2021;03024;Benejúzar; 3 de junio, jueves, Corpus Christi, y 7 de octubre, jueves. Virgen del Rosario.
2022;03024;Benejúzar;16 de junio, jueves, Corpus Christi, 7 de octubre, viernes. Virgen del Rosario.
2023;03024;Benejúzar; 8 de junio, jueves, Corpus Christi, 9 de junio, viernes
2024;03024;Benejúzar; 30 de mayo, jueves, Corpus Christi, 7 de octubre, lunes, Virgen del Rosario.
2025;03024;Benejúzar;19 de junio, jueves, Corpus Christi, 7 de octubre, martes, Virgen del Rosario.
2025;03025;Benferri;30 de septiembre, martes, San Jerónimo, 7 de octubre, martes, Virgen del Rosario.
2024;03025;Benferri; 30 de septiembre, lunes, 7 de octubre, lunes.
2023;03025;Benferri; 29 de septiembre, viernes, 6 de octubre, viernes.
2022;03025;Benferri;30 de septiembre, viernes, 7 de octubre, viernes.
2021;03025;Benferri; 30 de septiembre, jueves, y 7 de octubre, jueves.
2020;03025;Benferri; 30 de septiembre, miércoles, y 7 de octubre, miércoles.
2019;03025;Benferri;30 de septiembre, lunes, y 7 de octubre, lunes.
2018;03025;Benferri;1 de octubre, lunes y 8 de octubre, lunes.
2026;03025;Benferri;30 de septiembre, San Jerónimo, 7 de octubre, Virgen del Rosario.
2026;03026;Beniarbeig;2 de abril, Jueves Santo, 13 de abril, segundo lunes de Pascua.
2018;03026;Beniarbeig;9 de abril, lunes, Festividad de San Vicente y 26 de diciembre, miércoles, Segundo día de Navidad.
2019;03026;Beniarbeig;29 de abril, lunes, San Vicente y 26 de diciembre, jueves, Segundo día de Navidad.
2020;03026;Beniarbeig; 20 de marzo, viernes, día siguiente a San José y 20 de abril, lunes, San Vicente.
2021;03026;Beniarbeig; 12 de abril, lunes, San Vicente Ferrer, 11 de octubre, lunes.
2022;03026;Beniarbeig;25 de abril, lunes, San Vicente Ferrer, 26 de diciembre, lunes, segundo día de Navidad.
2023;03026;Beniarbeig; 17 de abril, lunes, San Vicente Ferrer, 26 de diciembre, martes, segundo día de Navidad.
2024;03026;Beniarbeig; 8 de abril, lunes, San Vicente, 26 de diciembre, jueves, segundo día de Navidad.
2025;03026;Beniarbeig;28 de abril, lunes, segundo lunes de Pascua, 26 de diciembre, viernes, segundo día de Navidad.
2025;03027;Beniardá;4 de agosto, lunes, Festividad en Honor a la Virgen de los Dolores, 5 de agosto, martes, Festividad en honor a la Vigen de los Dolores
2024;03027;Beniardá; 5 y 6 de agosto, lunes y martes respectivamente, festividad en honor a la Virgen de los Dolores.
2023;03027;Beniardá; 7 y 8 de agosto, lunes y martes respectivamente, festividad en Honor a la Virgen de los Dolores.
2022;03027;Beniardá;8 y 9 de agosto, lunes y martes respectivamente.
2021;03027;Beniardá; 2 y 3 de agosto, lunes y martes, respectivamente.
2020;03027;Beniardá; 3 y 4 de agosto, lunes y martes, respectivamente.
2019;03027;Beniardá;5 y 6 de agosto, lunes y martes, respectivamente.
2018;03027;Beniardá;6 y 7 de agosto, lunes y martes, respectivamente.
2026;03027;Beniardá;3 y 4 de agosto, Festividad en Honor a la Virgen de los Dolores.
2026;03028;Beniarrés;20 de marzo, 7 de diciembre.
2018;03028;Beniarrés;30 de abril, lunes y 8 de octubre, lunes.
2019;03028;Beniarrés;18 de marzo, lunes, y 26 de diciembre, jueves.
2020;03028;Beniarrés; 20 de marzo, viernes, y 7 de diciembre, lunes.
2021;03028;Beniarrés; 11 de octubre, lunes, 7 de diciembre, martes.
2022;03028;Beniarrés;31 de octubre, lunes, 9 de diciembre viernes.
2023;03028;Beniarrés; 13 de octubre, viernes, 7 de diciembre, jueves.
2024;03028;Beniarrés; 18 de marzo, lunes, 9 de diciembre, lunes.
2025;03028;Beniarrés;2 de mayo, viernes, 10 de octubre, viernes.
2025;03029;Benigembla;2 de mayo, viernes, 10 de octubre, viernes.
2024;03029;Benigembla; 18 de marzo, lunes, 30 de diciembre, lunes.
2023;03029;Benigembla; 13 de octubre, viernes, 7 de diciembre, jueves.
2022;03029;Benigembla;31 de octubre, lunes, 9 de diciembre, viernes.
2021;03029;Benigembla; 11 de octubre, lunes y 7 de diciembre, martes.
2020;03029;Benigembla; 20 de marzo, viernes, y 7 de diciembre, lunes.
2019;03029;Benigembla;18 de marzo, lunes, y 27 de diciembre, viernes.
2018;03029;Benigembla;30 de abril, lunes, y 2 de noviembre, viernes.
2026;03029;Benigembla;20 de marzo, 2 de abril.
2026;03030;Benidoleig;13 de abril, San Vicente Ferrer, 7 de agosto, fiesta patronal "La Purísima Concepción".
2018;03030;Benidoleig;9 de abril, lunes, San Vicente Ferrer y 3 de agosto, viernes, Fiesta Patronal de La Purísima Concepción.
2019;03030;Benidoleig;29 de abril, lunes, San Vicente Ferrer y 2 de agosto, viernes, Fiesta Patronal de La Purísima Concepción.
2020;03030;Benidoleig; 20 de abril, lunes, San Vicente Ferrer y 7 de agosto, viernes, Fiesta Patronal de La Purísima Concepción.
2021;03030;Benidoleig; 12 de abril, lunes, San Vicente Ferrer, 6 de agosto, viernes, Fiesta Patronal de La Purísima Concepción.
2022;03030;Benidoleig;25 de abril, lunes, San Vicente Ferrer, 5 de agosto, viernes, Fiesta Patronal de La Purísima Concepción.
2023;03030;Benidoleig; 17 de abril, lunes, San Vicente Ferrer, 4 de agosto, viernes, Fiesta Patronal de La Purísima Concepción.
2024;03030;Benidoleig; 8 de abril, lunes, San Vicente Ferrer, 2 de agosto, viernes, fiesta patronal de la Purísima Concepción.
2025;03030;Benidoleig;28 de abril, lunes, San Vicente Ferrer, 1 de agosto, viernes, fiesta patronal "La Purísima Concepción".
2025;03031;Benidorm;10 de noviembre, lunes, 11 de noviembre, martes.
2024;03031;Benidorm; 11 y 12 de noviembre, lunes y martes.
2023;03031;Benidorm; 13 y 14 de noviembre, lunes y martes.
2022;03031;Benidorm;14 y 15 de noviembre, lunes y martes, Fiestas Mayores Patronales.
2021;03031;Benidorm; 15 y 16 de noviembre, lunes y martes.
2020;03031;Benidorm; 9 y 10 de noviembre, lunes y martes.
2019;03031;Benidorm;11 y 12 de noviembre, lunes y martes.
2018;03031;Benidorm;12 y 13 de noviembre, lunes y martes.
2026;03031;Benidorm;9 y 10 de noviembre.
2026;03032;Benifallim;13 de abril, San Vicente Ferrer, 29 de septiembre, San Miguel.
2018;03032;Benifallim;9 de abril, lunes, San Vicente y 24 de diciembre, lunes.
2019;03032;Benifallim;29 de abril, lunes, San Vicente y 26 de diciembre, jueves.
2020;03032;Benifallim; 20 de abril, lunes, San Vicente y 29 de septiembre, martes San Miguel.
2021;03032;Benifallim; 12 de abril, lunes, San Vicente Ferrer, 29 de septiembre, miércoles, San Miguel.
2022;03032;Benifallim;25 de abril, lunes, Festividad de San Vicente Ferrer, 26 de diciembre, lunes, segundo día de Navidad.
2023;03032;Benifallim; 17 de abril, lunes, festividad de San Vicente Ferrer, 29 de septiembre, viernes, San Miguel.
2024;03032;Benifallim; 8 de abril, lunes, 30 de septiembre, lunes.
2025;03032;Benifallim;28 de abril, lunes, 29 de septiembre, lunes.
2025;03033;Benifato;28 de agosto, jueves, fiestas patronales de San Miguel, 29 de agosto, viernes, fiestas patronales de San Miguel.
2024;03033;Benifato; 22 y 23 de agosto, jueves y viernes, respectivamente.
2023;03033;Benifato; 24 y 25 de agosto, jueves y viernes, respectivamente.
2022;03033;Benifato;25 y 26 de agosto, jueves y viernes, respectivamente, Fiestas Patronales San Miguel.
2021;03033;Benifato; 26 y 27 de agosto, jueves y viernes.
2020;03033;Benifato; 27 y 28 de agosto, jueves y viernes, respectivamente.
2019;03033;Benifato;22 y 23 de agosto, jueves y viernes, respectivamente, Fiestas de San Miguel.
2018;03033;Benifato;23 y 24 de agosto, jueves y viernes, respectivamente.
2026;03033;Benifato;27 y 28 de agosto.
2026;03034;Benijófar;13 de abril, 2º lunes de pascua, 25 de julio, San Jaime, fiestas patronales.
2018;03034;Benijófar;9 de abril, lunes, San Vicente Ferrer y 25 de julio, miércoles, San Jaime, Fiestas Patronales.
2019;03034;Benijófar;29 de abril, lunes, San Vicente y 25 de julio, jueves, San Jaime.
2020;03034;Benijófar; 9 de abril, Jueves Santo y 20 de abril, lunes San Vicente.
2021;03034;Benijófar; 1 de abril, Jueves Santo y 12 de abril, San Vicente Ferrer.
2022;03034;Benijófar;25 de abril, lunes San Vicente Ferrer, 25 de julio, lunes, San Jaime.
2023;03034;Benijófar; 17 de abril, lunes San Vicente Ferrer, 25 de julio, martes, San Jaime, fiestas patronales.
2024;03034;Benijófar; 8 de abril, lunes San Vicente Ferrer, 25 de julio, jueves, San Jaime, fiestas patronales.
2025;03034;Benijófar;28 de abril, 2º lunes de pascua, 25 de julio, viernes, San Jaime, fiestas patronales.
2025;03035;Benilloba;28 de abril, lunes, 26 de diciembre, viernes.
2024;03035;Benilloba; 8 de abril, lunes, 30 de agosto, viernes.
2023;03035;Benilloba; 17 de abril, lunes, 1 de septiembre, viernes.
2022;03035;Benilloba;25 de abril, lunes, 2 de septiembre, viernes.
2021;03035;Benilloba; 12 de abril, lunes, 3 de septiembre, viernes.
2020;03035;Benilloba; 20 de abril, lunes y 28 de agosto, viernes.
2019;03035;Benilloba;29 de abril, lunes, y 6 de septiembre, viernes.
2018;03035;Benilloba;9 de abril, lunes, y 31 de agosto, viernes.
2026;03035;Benilloba;13 de abril, 7 de diciembre.
2026;03036;Benillup;24 de abril, 4 de diciembre.
2018;03036;Benillup;16 de marzo, viernes y 7 de diciembre, viernes.
2019;03036;Benillup;15 de marzo, viernes y 11 de octubre, viernes.
2020;03036;Benillup; 20 de marzo, viernes y 4 de diciembre, viernes.
2021;03036;Benillup; 8 de octubre, viernes, 7 de diciembre, martes.
2022;03036;Benillup;18 de marzo, viernes, 22 de abril, viernes
2023;03036;Benillup; 21 de abril, viernes, 13 de octubre, viernes.
2024;03036;Benillup; 3 de mayo, viernes, 11 de octubre, viernes.
2025;03036;Benillup;2 de mayo, viernes, 10 de octubre, viernes.
2025;03037;Benimantell;8 de agosto, viernes, Fiestas en honor a Sant LLorenç, 17 de octubre, viernes, Fiestas en honor al Santísimo Sacramento.
2024;03037;Benimantell; 9 de agosto, viernes, 18 de octubre, viernes.
2023;03037;Benimantell; 11 de agosto, viernes, 13 de octubre, viernes.
2022;03037;Benimantell;12 de agosto, viernes, 14 de octubre, viernes.
2021;03037;Benimantell; 6 de agosto, viernes, 15 de octubre, viernes.
2020;03037;Benimantell; 7 de agosto, viernes, y 16 de octubre, viernes.
2019;03037;Benimantell;9 de agosto, viernes, y 18 de octubre, viernes.
2018;03037;Benimantell;10 de agosto, viernes, San Lorenzo y 19 de octubre, viernes.
2026;03037;Benimantell;7 de agosto, Fiestas en honor a Sant LLorenç, 16 de octubre, Fiestas en honor al Santísimo Sacramento.
2026;03038;Benimarfull;20 de marzo, Festividad puente San José, 7 de diciembre, Festividad puente de la Constitución.
2018;03038;Benimarfull;29 de marzo, jueves y 8 de octubre, lunes.
2019;03038;Benimarfull;18 de marzo, jueves, y 18 de abril, jueves.
2020;03038;Benimarfull; 20 de marzo y 9 de abril.
2021;03038;Benimarfull; 11 de octubre, lunes, 7 de diciembre, martes.
2022;03038;Benimarfull;5 de diciembre, lunes, 7 de diciembre, miércoles.
2023;03038;Benimarfull; 6 de abril, jueves, Jueves Santo, 13 de octubre, viernes, festividad de puente del Pilar.
2024;03038;Benimarfull; 18 de marzo, lunes, 30 de diciembre, lunes.
2025;03038;Benimarfull;10 de octubre, viernes, festividad de puente del Pilar, 26 de diciembre, viernes, festividad segundo día de Navidad.
2025;03039;Benimassot;28 de abril, lunes, 5 de mayo, lunes.
2024;03039;Benimassot; 22 de abril, lunes, San Vicente Ferrer, 18 de marzo, lunes.
2023;03039;Benimassot; 23 de junio, viernes, 7 de diciembre, jueves.
2022;03039;Benimassot;25 de abril, lunes, San Vicente Ferrer, 7 de diciembre, miércoles, víspera de la Purísima.
2021;03039;Benimassot; 22 de marzo, lunes, 11 de octubre, lunes.
2020;03039;Benimassot; 18 de marzo, miércoles, víspera Festividad de San José y 7 de diciembre, lunes, víspera de la Festividad de la Inmaculada Concepción.
2019;03039;Benimassot;18 de marzo, lunes, víspera de la Festividad de San José y 6 de mayo, lunes, Festividad del Labrador.
2018;03039;Benimassot;8 de octubre, lunes y 10 de diciembre, lunes.
2026;03039;Benimassot;27 de abril, 7 de diciembre.
2026;03040;Benimeli;20 de agosto, Festividad Virgen María Inmaculada, 21 de agosto, Festividad Santísimo Ecce-Homo.
2018;03040;Benimeli;23 de agosto, jueves, Festividad Virgen María Inmaculada y 24 de agosto, viernes, Festividad Santísimo Ecce-Homo.
2019;03040;Benimeli;22 de agosto, jueves, Festividad Virgen María Inmaculada y 23 de agosto, viernes, Festividad Santísimo Ecce-Homo.
2020;03040;Benimeli; 20 de agosto, jueves, Festividad Virgen María Inmaculada y 21 de agosto, viernes, Festividad Santísimo Ecce-Homo.
2021;03040;Benimeli; 19 de agosto, jueves, Festividad Virgen María Inmaculada, 20 de agosto, viernes, Festividad Santísimo Ecce-Homo.
2022;03040;Benimeli;25 de agosto, jueves, Festividad Virgen María Inmaculada, 26 de agosto, viernes, Festividad Santísimo Ecce-Homo.
2023;03040;Benimeli; 24 de agosto, jueves, festividad Virgen María Inmaculada, 25 de agosto, viernes, Festividad Santísimo Ecce-Homo.
2024;03040;Benimeli; 22 de agosto, jueves, festividad Virgen María Inmaculada, 23 de agosto, viernes, festividad Santísimo Ecce Homo.
2025;03040;Benimeli;21 de agosto, jueves, Festividad Virgen María Inmaculada, 22 de agosto, viernes, Festividad Santísimo Ecce-Homo.
2025;03041;Benissa;28 de abril, lunes, Día del Riberer, 30 de junio, lunes, Moros y Cristianos.
2024;03041;Benissa; 29 de abril, lunes, Dia dels Riberers, 1 de julio, lunes, Moros y Cristianos.
2023;03041;Benissa; 24 de abril, lunes Dia dels Riberers, 3 de julio, lunes, Moros y Cristianos.
2022;03041;Benissa;25 de abril, lunes Dia dels Riberers, 27 de junio, lunes Moros y Cristianos.
2021;03041;Benissa; 11 de octubre y 7 de diciembre
2020;03041;Benissa; 27 de abril, lunes, Día de los Riberers, y 29 de junio, lunes, Moros y Cristianos.
2019;03041;Benissa;29 de abril, lunes, Día de los Riberers, y 1 de julio, lunes, Moros y Cristianos.
2018;03041;Benissa;23 de abril, lunes, Día de los Riberers, y 2 de julio, lunes, Moros y Cristianos.
2026;03041;Benissa;27 de abril, Día del Riberer, 29 de junio, Moros y Cristianos.
2026;03042;Poble Nou de Benitatxell (El)/Benitachell;22 de Julio, Festividad de Sta. María Magdalena, 24 de Julio, Festividad de San Cristóbal.
2018;03042;Poble Nou de Benitatxell (El)/Benitachell;23 de julio, lunes y 25 de julio, miércoles.
2019;03042;Poble Nou de Benitatxell (El)/Benitachell;22 de julio, lunes, Festividad de Santa Maria Magadalena y 25 de julio, jueves, Festividad de San Jaime.
2020;03042;Poble Nou de Benitatxell (El)/Benitachell; 22 de julio, miércoles, festividad de Santa Magdalena y 24 de julio, viernes, festividad de San Cristóbal.
2021;03042;Poble Nou de Benitatxell (El)/Benitachell; 22 de julio, jueves, festividad de Santa María Magdalena y 23 de julio, viernes, festividad de San Roque.
2022;03042;Poble Nou de Benitatxell (El)/Benitachell;22 de julio, viernes, festividad de Santa María Magdalena, 25 de julio, viernes, festividad de San Jaime.
2023;03042;Poble Nou de Benitatxell (El)/Benitachell; 24 de julio, lunes, festividad de San Cristóbal, 25 de julio, martes, festividad de San Jaime.
2024;03042;Poble Nou de Benitatxell (El)/Benitachell; 22 de julio, lunes, festividad de Santa María Magdalena, 25 de julio, jueves, festividad de San Jaime.
2025;03042;Poble Nou de Benitatxell (El)/Benitachell;22 de Julio, martes, festividad de Sta. María Magdalena, 25 de Julio, viernes, festividad de San Jaime.
2025;03043;Biar;28 de abril, lunes, San Vicente Ferrer, Anuncio Fiestas de mayo, 10 de julio, jueves, Festividad de San Cristóbal, Patrón de Biar.
2024;03043;Biar; 8 de abril, lunes, San Vicente Ferrer, anuncio fiestas de mayo, 10 de julio, miércoles, festividad de San Cristóbal, patrón de Biar.
2023;03043;Biar; 17 de abril, lunes, San Vicente Ferrer, Anuncio Fiestas de mayo, 10 de julio, lunes, festividad de San Cristóbal, Patrón de Biar.
2022;03043;Biar;25 de abril, lunes, San Vicente Ferrer, Anuncio Fiestas de mayo, 12 de mayo, jueves, Festividad de la Virgen de Gracia, Patrona de Biar.
2021;03043;Biar; 12 de abril, lunes, San Vicente Ferrer, Anuncio Fiestas de mayo, 10 de julio, sábado, Festividad de San Cristóbal.
2020;03043;Biar; 20 de abril, lunes, San Vicente Ferrer, Anuncio Fiestas de mayo y 10 de julio, viernes, Festividad de San Cristóbal, patrón de Biar.
2019;03043;Biar;29 de abril, lunes, San Vicente Ferrer, Anuncio Fiestas de mayo y 10 de julio, miércoles, Festividad de San Cristóbal, patrón de Biar.
2018;03043;Biar;9 de abril, lunes, San Vicente Ferrer, Anuncio Fiestas de mayo y 10 de julio, martes, Festividad de San Cristóbal, patrón de Biar.
2026;03043;Biar;13 de abril, San Vicente Ferrer, Anúncio Fiestas de mayo, 10 de julio, Festividad de San Cristóbal, Patrón de Biar.
2026;03044;Bigastro;2 de abril, Jueves Santo, 13 de abril, Festividad de San Vicente Ferrer.
2018;03044;Bigastro;9 de abril, lunes, Festividad de San Vicente Ferrer y 16 de agosto jueves, Festividad de San Joaquin.
2019;03044;Bigastro;29 de abril, lunes, Festividad de San Vicente Ferrer y 16 de agosto viernes, Festividad de San Joaquin.
2020;03044;Bigastro; 20 de abril, lunes, Festividad de San Vicente Ferrer y 17 de agosto, lunes, Día de la Murga.
2021;03044;Bigastro; 12 de abril, lunes, Festividad de San Vicente Ferrer, 16 de agosto, lunes, festividad de San Joaquín.
2022;03044;Bigastro;25 de abril, lunes, Festividad de San Vicente Ferrer, 16 de agosto, martes, festividad de San Joaquín.
2023;03044;Bigastro; 17 de abril, lunes, festividad de San Vicente Ferrer, 16 de agosto, miércoles, festividad de San Joaquín.
2024;03044;Bigastro; 8 de abril, lunes, festividad de San Vicente Ferrer, 16 de agosto, viernes, festividad de San Joaquín.
2025;03044;Bigastro;28 de abril, lunes, Festividad de San Vicente Ferrer, 16 de agosto, sábado, festividad de San Joaquín.
2025;03045;Bolulla;25 de agosto, lunes, Festividad de la Virgen de los Dolores, 26 de agosto, martes, Festividad del Santísimo Sacramento.
2024;03045;Bolulla; 26 y 27 de agosto, lunes y martes, respectivamente, festividad de la Virgen de los Dolores, y festividad del Santísimo Sacramento.
2023;03045;Bolulla; 21 y 22 de agosto, lunes y martes respectivamente, festividad de la Virgen de los Dolores, y el Santísimo Sacramento.
2022;03045;Bolulla;22 y 23 de agosto, lunes y martes respectivamente, fiestas en Honor a San José, La Virgen de los Dolores y el Santísimo Sacramento.
2021;03045;Bolulla; 23 de agosto, lunes, Festividad de La Virgen María de los Dolores, 24 de agosto, martes, Festividad del Santísimo Sacramento.
2020;03045;Bolulla; 24 de agosto, lunes, Festividad de La Virgen María de los Dolores y 25 de agosto, martes, Festividad del Santísimo Sacramento.
2019;03045;Bolulla;19 de agosto, lunes, Festividad de La Virgen María de los Dolores y 20 de agosto, martes, Festividad del Santísimo Sacramento.
2018;03045;Bolulla;20 de agosto, lunes, Festividad de La Virgen de los Dolores y 21 de agosto, martes, Festividad del Santísimo Sacramento.
2026;03045;Bolulla;24 de agosto, Festividad de la Virgen de los Dolores, 25 de agosto, Festividad del Santísimo Sacramento.
2026;03046;Busot;13 de abril, San Vicente Ferrer, 10 de agosto, San Lorenzo Mártir.
2018;03046;Busot;9 de abril, lunes, San Vicente y 10 de agosto, viernes, San Lorenzo Mártir.
2019;03046;Busot;29 de abril, lunes, san Vicente Ferrer y 10 de agosto, sábado, San Lorenzo Mártir.
2020;03046;Busot; 20 de abril, lunes, y 10 de agosto, lunes.
2021;03046;Busot; 12 de abril, lunes, San Vicente Ferrer, 10 de agosto, martes, San Lorenzo Mártir.
2022;03046;Busot;25 de abril, lunes, San Vicente Ferrer, 10 de agosto, miércoles, San Lorenzo Mártir.
2023;03046;Busot; 17 de abril, lunes, San Vicente Ferrer, 10 de agosto, jueves, San Lorenzo Mártir.
2024;03046;Busot; 8 de abril, lunes, San Vicente Ferrer, 10 de agosto, sábado, San Lorenzo Mártir.
2025;03046;Busot;28 de abril, lunes, San Vicente Ferrer, 10 de agosto, domingo, San Lorenzo Mártir.
2025;03047;Calp;5 de agosto, martes, Madre de Dios de las Nieves, 22 de octubre, miércoles, Santísimo Cristo del Sudor.
2024;03047;Calp; 5 de agosto, lunes, festividad de Nuestra Señora de las Nieves, 22 de octubre, martes, festividad del Santísimo Cristo del Sudor.
2023;03047;Calp; 5 de agosto, sábado, festividad de Nuestra Señora de las Nieves, 23 de octubre, lunes, festividad del Santísimo Cristo de la Sudor.
2022;03047;Calp;5 de agosto, viernes, festividad de Nuestra Señora de las Nieves, 24 de octubre, lunes, festividad del Santísimo Cristo del Sudor.
2021;03047;Calp; 5 de agosto, jueves, festividad de Nuestra Señora de las Nieves, y 22 de octubre, viernes, festividad del Santísimo Cristo del Sudor.
2020;03047;Calp; 5 de agosto, miércoles, festividad de Nuestra Señora de las Nieves, y 22 de octubre, jueves, festividad del Santísimo Cristo de la Sudor.
2019;03047;Calp;5 de agosto, lunes, festividad de Nuestra Señora de las Nieves, y 22 de octubre, martes, Festividad del Santísimo Cristo del Sudor.
2018;03047;Calp;6 de agosto, lunes, Festividad de Nuestra Señora de las Nieves, y 22 de octubre, lunes, Festividad del Santísimo Cristo del Sudor.
2026;03047;Calp;5 de agosto, Madre de Dios de las Nieves, 22 de octubre, Santísimo Cristo del Sudor
2026;03048;Callosa d'en Sarrià;24 de julio, Festividad de San Jaime, 13 de octubre, fiestas patronales.
2018;03048;Callosa d'en Sarrià;20 de julio, viernes, San Jaime, y 15 de octubre, lunes, Moros y Cristianos.
2019;03048;Callosa d'en Sarrià;26 de julio, viernes, San Jaime, y 14 de octubre, lunes, Moros y Cristianos.
2020;03048;Callosa d'en Sarrià; 24 de julio, viernes, San Jaime, y 13 de octubre, martes, Moros y Cristianos.
2021;03048;Callosa d'en Sarrià; 23 de julio, viernes, San Jaime, y 11 de octubre, lunes, Moros y Cristianos.
2022;03048;Callosa d'en Sarrià;25 de julio, lunes, Danzas San Jaime, 11 de octubre, martes, Moros y Cristianos.
2023;03048;Callosa d'en Sarrià; 24 de julio, lunes, festividad de San Jaime, 10 de octubre, martes, Fiestas Patronales
2024;03048;Callosa d'en Sarrià; 26 de julio, viernes, festividad de San Jaime, 15 de octubre, martes, fiestas patronales.
2025;03048;Callosa d'en Sarrià;25 de julio, viernes, festividad de San Jaime, 13 de octubre, lunes, fiestas patronales.
2025;03049;Callosa de Segura;28 de abril, lunes, festividad de San Vicente, 16 de agosto, sábado, festividad de San Roque.
2024;03049;Callosa de Segura; 8 de abril, lunes, día de San Vicente, 16 de agosto, viernes, San Roque.
2023;03049;Callosa de Segura; 17 de abril, lunes, día de San Vicente Ferrer, 16 de agosto, miércoles, San Roque.
2022;03049;Callosa de Segura;25 de abril, lunes, día de San Vicente Ferrer, 16 de agosto, martes, San Roque.
2021;03049;Callosa de Segura; 12 de abril, lunes, día de San Vicente Ferrer,16 de agosto, lunes, San Roque.
2020;03049;Callosa de Segura; 20 de abril, lunes, día de San Vicente y 7 de diciembre, lunes, San Ambrosio.
2019;03049;Callosa de Segura;29 de abril, lunes, día de San Vicente y 16 de agosto, viernes, día de San Roque.
2018;03049;Callosa de Segura;9 de abril, lunes, día de San Vicente y 16 de agosto, jueves, día de San Roque.
2026;03049;Callosa de Segura;2 de abril, Jueves Santo, 13 de abril, Festividad de San Vicente.
2026;03050;Campello (el);16 de julio, Festividad de la Virgen del Carmen, 15 de octubre, Festividad de Santa Teresa de Jesús.
2018;03050;Campello (el);16 de julio, lunes, Festividad de la Virgen del Carmen, y 15 de octubre, lunes, Festividad de Santa Teresa de Jesús.
2019;03050;Campello (el);16 de julio, martes, Virgen del Carmen y 15 de octubre, martes, Festividad de Santa Teresa de Jesús.
2020;03050;Campello (el); 16 de julio, jueves, Festividad de la Virgen del carmen y 15 de octubre, jueves. Festividad de Santa Teresa.
2021;03050;Campello (el); 16 de julio, viernes, Festividad de la Virgen del Carmen, 15 de octubre, viernes. Festividad de Santa Teresa.
2022;03050;Campello (el);16 de julio, sábado, Festividad de la Virgen del Carmen, 15 de octubre, sábado. Festividad de Santa Teresa.
2023;03050;Campello (el); 17 de julio, lunes, 16 de octubre, lunes.
2024;03050;Campello (el); 16 de julio, martes, la Virgen del Carmen, 15 de octubre, martes, Santa Teresa de Jesús.
2025;03050;Campello (el);16 de julio, miércoles, Festividad de la Virgen del Carmen, 15 de octubre, miércoles, Festividad de Santa Teresa de Jesús.
2025;03051;Campo de Mirra/Camp de Mirra (el);28 de abril, lunes, San Vicente, 26 de diciembre, viernes, 2ª día de Navidad.
2024;03051;Campo de Mirra/Camp de Mirra (el); 8 de abril, lunes, San Vicente, 26 de diciembre, jueves, segundo día de Navidad.
2023;03051;Campo de Mirra/Camp de Mirra (el); 17 de abril, lunes, San Vicente Ferrer, 26 de diciembre, martes, 2ª día de Navidad.
2022;03051;Campo de Mirra/Camp de Mirra (el);25 de abril, lunes, San Vicente Ferrer, 24 de agosto, miércoles, San Bertomeu.
2021;03051;Campo de Mirra/Camp de Mirra (el); 12 de abril, lunes, San Vicente Ferrer, 24 de agosto, martes, San Bartolomé.
2020;03051;Campo de Mirra/Camp de Mirra (el); 20 de abril, lunes, San Vicente y 24 de agosto, lunes, San Bartolomé.
2019;03051;Campo de Mirra/Camp de Mirra (el);29 de abril, lunes, San Vicente y 26 de diciembre, jueves, Segundo día de Navidad.
2018;03051;Campo de Mirra/Camp de Mirra (el);9 de abril, lunes, San Vicente Ferrer y 26 de diciembre, miércoles, segundo día de Navidad.
2026;03051;Campo de Mirra/Camp de Mirra (el);13 de abril, San Vicente, 24 de agosto, Sant Bertomeu, patrón de la localidad.
2026;03052;Cañada;7 de enero, Festividad de los Reyes Magos, 10 de julio, Festividad de San Cristóbal, Patrón de la localidad.
2018;03052;Cañada;9 de abril, lunes, Festividad de San Vicente y 10 de julio, martes, Festividad de San Cristóbal.
2019;03052;Cañada;7 de enero, lunes, y 10 de julio, miércoles, Festividad de San Cristóbal.
2020;03052;Cañada; 7 de enero, martes, Festividad de Reyes y 10 de julio, viernes, Festividad de San Cristóbal.
2021;03052;Cañada; 7 de enero, jueves, Festividad de Reyes, 12 de abril, lunes, San Vicente Ferrer.
2022;03052;Cañada;7 de enero, viernes, segundo día de Reyes, 25 de abril, lunes San Vicente Ferrer.
2023;03052;Cañada; 17 de abril, lunes, San Vicente Ferrer, 10 de julio, lunes, San Cristóbal.
2024;03052;Cañada; 10 de julio, miércoles, San Cristóbal, 16 de julio, martes.
2025;03052;Cañada;7 de enero, martes, Festividad de los Reyes Magos, 10 de julio, jueves, Festividad de San Cristóbal, Patrón de la localidad.
2025;03053;Castalla;26 de julio, sábado, celebración Sant Jaume, 2 de septiembre, martes, Fiestas de Moros y Cristianos.
2024;03053;Castalla; 27 de julio, sábado, Sant Jaume, 2 de septiembre, lunes, día de la patrona y Festividad de Moros y Cristianos.
2023;03053;Castalla; 29 de julio, sábado, Celebración Sant Jaume, 2 de septiembre, sábado, Día de la Patrona y festividad de Moros y Cristianos.
2022;03053;Castalla;30 de julio, sábado, Festividad de San Jaime, 2 de septiembre, viernes, día de la Patrona y Festividad de Moros y Cristianos.
2021;03053;Castalla; 2 y 3 de septiembre, jueves y viernes, festividad de Moros y Cristianos.
2020;03053;Castalla; 25 de julio, sábado, celebración de San Jaime y 2 de septiembre, miércoles, Fiestas de Moros y Cristianos.
2019;03053;Castalla;27 de julio, sábado, celebración de San Jaime y 2 de septiembre, lunes, Fiestas de Moros y Cristianos.
2018;03053;Castalla;28 de julio, sábado, celebración de San Jaime y 3 de septiembre, lunes, Fiestas de Moros y Cristianos.
2026;03053;Castalla;25 de julio, celebración Sant Jaume, 2 de septiembre, Fiestas de Moros y Cristianos.
2026;03054;Castell de Castells;13 de abril, 27 de julio.
2018;03054;Castell de Castells;9 de abril, lunes, San Vicente Ferrer y 26 de julio, jueves, Santa Ana.
2019;03054;Castell de Castells;29 de abril, lunes, San Vicente Ferrer y 26 de julio, viernes, Santa Ana.
2020;03054;Castell de Castells; 20 de marzo, viernes, Puente de San José y 20 de abril, lunes, San Vicente Ferrer.
2021;03054;Castell de Castells; 12 de abril, lunes, San Vicente Ferrer, 26 de julio, lunes, Santa Ana.
2022;03054;Castell de Castells;25 de abril, lunes, San Vicente Ferrer, 26 de julio, martes, Santa Ana.
2023;03054;Castell de Castells; 17 de abril, lunes, San Vicente y 26 de julio, miércoles, Santa Ana.
2024;03054;Castell de Castells; 8 de abril, lunes, San Vicente y 26 de julio, viernes, Santa Ana.
2025;03054;Castell de Castells;28 de abril, lunes, 25 de julio, viernes.
2025;03055;Catral;5 de febrero, miércoles, 24 de junio, martes.
2024;03055;Catral; 5 de febrero, lunes, 24 de junio, lunes.
2023;03055;Catral; 6 de febrero, lunes, 7 de diciembre, jueves.
2022;03055;Catral;5 de febrero, sábado, 7 de diciembre, miércoles.
2021;03055;Catral; 5 de febrero y 7 de diciembre
2020;03055;Catral; 5 de febrero, miércoles, Festividad de Santa Águeda y 12 de junio, viernes.
2019;03055;Catral;5 de febrero, martes, festividad de Santa Águeda y 7 de junio, viernes.
2018;03055;Catral;5 de febrero, lunes y 15 de junio, viernes.
2026;03055;Catral;5 de febrero y 6 de febrero.
2026;03056;Cocentaina;20 de marzo, 30 de octubre.
2018;03056;Cocentaina;19 de abril, jueves, y 2 de noviembre, viernes.
2019;03056;Cocentaina;18 de marzo, lunes y 26 de diciembre, jueves.
2020;03056;Cocentaina; 20 de marzo, viernes y 30 de octubre, viernes.
2021;03056;Cocentaina; 19 de abril, lunes, 29 de octubre, viernes.
2022;03056;Cocentaina;19 de abril, martes, 31 de octubre, lunes.
2023;03056;Cocentaina; 19 de abril, miércoles, 2 de noviembre, jueves.
2024;03056;Cocentaina; 18 de marzo, lunes, 19 de abril, viernes.
2025;03056;Cocentaina;31 de octubre, viernes, 26 de diciembre, viernes.
2025;03057;Confrides;25 de agosto, lunes, 26 de agosto, martes
2024;03057;Confrides; 26 y 27 de agosto, lunes y martes, respectivamente.
2023;03057;Confrides; 28 y 29 de agosto, lunes y martes, respectivamente.
2022;03057;Confrides;29 y 30 de agosto, lunes y martes, respectivamente.
2021;03057;Confrides; 23 y 24 de agosto, lunes y martes.
2020;03057;Confrides; 24 y 25 de agosto
2019;03057;Confrides;26 y 27 de agosto, lunes y martes, respectivamente.
2018;03057;Confrides;27 y 28 de agosto, lunes y martes, respectivamente.
2026;03057;Confrides;24 y 25 de agosto, respectivamente Fiestas de San José y la Virgen de los Dolores.
2026;03058;Cox;15 de mayo, Festividad de San Isidro, 16 de julio, Festividad de la Virgen del Carmen.
2018;03058;Cox;15 de mayo, martes, Festividad de San Isidro y 16 de julio, lunes, Festividad de la Virgen del Carmen.
2019;03058;Cox;15 de mayo, miércoles, Festividad de San Isidro y 16 de julio, martes, Virgen del Carmen.
2020;03058;Cox; 15 de mayo, viernes, Festividad de San Isidro y 16 de julio, jueves, Festividad de la Virgen del Carmen.
2021;03058;Cox; 15 de mayo, sábado, festividad de San Isidro, 16 de julio, viernes, festividad de la Virgen del Carmen.
2022;03058;Cox;16 de julio, sábado, festividad de la Virgen del Carmen, 8 de septiembre, jueves, festividad de la Virgen de las Virtudes.
2023;03058;Cox; 15 de mayo, lunes, festividad de San Isidro y 8 de septiembre, viernes, festividad de la Virgen de las Virtudes-
2024;03058;Cox; 15 de mayo, miércoles, festividad de San Isidro, y 16 de julio, martes, festividad de la Virgen del Carmen.
2025;03058;Cox;15 de mayo, jueves, festividad de San Isidro, 16 de julio, miércoles, festividad de la Virgen del Carmen.
2025;03059;Crevillent;17 de abril, Jueves Santo, 6 de octubre, lunes, Fiestas Patronales.
2024;03059;Crevillent; 28 de marzo, Jueves Santo, 7 de octubre, lunes, fiestas patronales.
2023;03059;Crevillent; 6 de abril, jueves, Jueves Santo, 10 de octubre, martes, Fiestas Patronales.
2022;03059;Crevillent;3 de octubre, lunes, Fiestas Patronales, 4 de octubre, martes, San Francisco de Asís.
2021;03059;Crevillent; 1 de abril, jueves, 4 de octubre, lunes.
2020;03059;Crevillent; 9 de abril, jueves y 5 de octubre, lunes.
2019;03059;Crevillent;18 de abril, Jueves Santo y 7 de octubre, lunes, Fiestas Patronales.
2018;03059;Crevillent;29 de marzo, Jueves Santo y 8 de octubre, lunes, Fiestas Patronales.
2026;03059;Crevillent;2 de abril, Jueves Santo, 5 de octubre, Fiestas Patronales.
2026;03060;Quatretondeta;20 de marzo, 8 de octubre.
2018;03060;Quatretondeta;26 de julio, jueves, y 8 de octubre, lunes.
2019;03060;Quatretondeta;18 de marzo, lunes y 26 de julio, viernes.
2020;03060;Quatretondeta; 9 de abril, jueves y 24 de diciembre, jueves.
2021;03060;Quatretondeta; 11 de octubre, lunes y 7 de diciembre, martes.
2022;03060;Quatretondeta;11 de octubre, martes, 7 de diciembre, miércoles.
2023;03060;Quatretondeta; 13 de octubre, viernes, 7 de diciembre, jueves.
2024;03060;Quatretondeta; 28 de marzo, jueves, 27 de diciembre, viernes.
2025;03060;Quatretondeta;2 de mayo, viernes, 10 de octubre, viernes.
2025;03061;Daya Nueva;29 de septiembre, lunes, San Miguel, 30 de septiembre, martes, Día de La Morera.
2024;03061;Daya Nueva; 28 de marzo, jueves, Jueves Santo, 30 de septiembre, lunes Día de la Morera.
2023;03061;Daya Nueva; 29 de septiembre, viernes, festividad del Patrón San Miguel, 17 de abril, lunes, San Vicente Ferrer.
2022;03061;Daya Nueva;29 de septiembre, jueves, festividad del Patrón San Miguel, 30 de septiembre, viernes, día de la Morera.
2021;03061;Daya Nueva; 29 y 30 de septiembre, miércoles y jueves.
2020;03061;Daya Nueva; 29 y 30 de septiembre, martes y miércoles, respectivamente.
2019;03061;Daya Nueva;29 de abril, lunes y 30 de septiembre, lunes, día de la Morera.
2018;03061;Daya Nueva;9 de abril, lunes, San Vicente y 29 de septiembre, sábado, San Miguel Arcángel.
2026;03061;Daya Nueva;29 de septiembre, San Miguel y 30 de septiembre, Día de La Morera.
2026;03062;Daya Vieja;13 de abril, día de San Vicente, 8 de septiembre, día de la Patrona, la Virgen de Monserrate.
2018;03062;Daya Vieja;9 de abril, lunes, día de San Vicente y 7 de septiembre, viernes, víspera del día de la patrona, Nuestra Señora de Monserrat.
2019;03062;Daya Vieja;29 de abril, lunes, día de San Vicente y 9 de septiembre, lunes, día de la patrona, Nuestra Señora de Monserrate.
2020;03062;Daya Vieja; 20 de abril, lunes, día de San Vicente y 8 de septiembre, martes, día de la patrona, Nuestra Señora de Monserrate.
2021;03062;Daya Vieja; 12 de abril, lunes, día de San Vicente Ferrer, 8 de septiembre, miércoles, día de la patrona, Nuestra Señora de Monserrate.
2022;03062;Daya Vieja;25 de abril, lunes, día de San Vicente Ferrer, 8 de septiembre, jueves, día de la patrona, Nuestra Señora de Monserrate.
2023;03062;Daya Vieja; 17 de abril, lunes, día de San Vicente Ferrer, 8 de septiembre, viernes, día de la patrona, Nuestra Señora de Monserrate.
2024;03062;Daya Vieja; 8 de abril, lunes, día de San Vicente, 8 de septiembre, lunes, día de la patrona, Nuestra Señora de Monserrate.
2025;03062;Daya Vieja;17 de abril, jueves santo, 8 de septiembre, lunes, día de la Patrona, la Virgen de Monserrate.
2025;03063;Dénia;9 de julio, miércoles, Festividad de la La Stma. Sangre, 16 de agosto, sábado, Fiesta de San Roque.
2025;03063;Dénia;5 de septiembre, viernes, fiestas patronales, 22 de septiembre, lunes, San Mateo.
2025;03063;Dénia;28 de abril, lunes, San Vicente Ferrer , 9 de junio, lunes de Pentecostes.
2024;03063;Dénia; 10 de julio, miércoles, festividad de la Santísima Sangre, 16 de agosto, viernes, fiesta de San Roque.
2024;03063;Dénia; 6 de septiembre, viernes, 21 de septiembre, sábado.
2024;03063;Dénia; 8 de abril, lunes, San Vicente Ferrer, 20 de mayo, lunes de Pentecostés.
2023;03063;Dénia; 12 de julio, miércoles, festividad de la La Santísima Sangre, 16 de agosto, miércoles, fiesta de San Roque. JESÚS POBRE: 17 de abril, lunes, San Vicente, 29 de mayo, lunes de Pentecostes. LA XARA: 8 de septiembre, viernes, 21 de septiembre, jueves.
2022;03063;Dénia;13 de julio, miércoles, Festividad de la Santísima Sangre, 16 de agosto, martes, Fiesta de San Roque. LA XARA: 9 de septiembre, viernes, 21 de septiembre, miércoles. JESÚS POBRE: 25 de abril, lunes, San Vicente Ferrer, 6 de junio, Lunes de Pentecostés.
2021;03063;Dénia; 7 de julio, miércoles, Festividad de la Santísima Sangre, 16 de agosto, lunes, Fiesta de San Roque. LA XARA:  20 de septiembre, lunes y 21 de septiembre, martes. JESÚS POBRE:  12 de abril, lunes, San Vicente Ferrer, y 24 de mayo, lunes de Pentecostés.
2020;03063;Dénia; 8 de julio, miércoles, Festividad de La Santisímima Sangre y 20 de marzo, viernes. EATIM La Xara: 11 de septiembre, viernes y 21 de septiembre, lunes. EATIM Jesús Pobre: 20 de abril, lunes, San Vicente, y 1 de junio, lunes de Pentecostés.
2019;03063;Dénia;10 de julio, miércoles, Festividad de la La Santísima Sangre y 16 de agosto, viernes, San Roque.. LA XARA: 6 de septiembre, viernes y 20 de septiembre, viernes. JESÚS POBRE: 29 de abril, lunes, San Vicente, y 10 de junio, lunes de Pentecostés.
2018;03063;Dénia;DENIA: 11 de julio, miércoles, Festividad de La Santísima Sangre y 16 de agosto, jueves, San Roque. Eatim de La Xara: 7 de septiembre, viernes, Natividad de Nuestra Señora Santa Regina 21 de septiembre, viernes, San Mateo. Eatim de Jesús Pobre: 9 de abril
2026;03063;Dénia;Dénia: 13 de abril, Festividad de San Vicente y 8 de julio, Festividad de La Santísima Sangre.
2026;03063;Dénia;EATIM La Zara: 4 de septiembre, fiestas patronales, 21 de septiembre, San Mateo.
2026;03063;Dénia;EATIM Jesús Pobre: 13 de abril, San Vicente Ferrer , 25 de mayo, lunes de Pentecostes.
2026;03064;Dolores;27 de marzo, viernes de Dolor, 21 de septiembre, Nuestra Señora de los Dolores.
2018;03064;Dolores;23 de marzo, viernes de Dolor y 17 de septiembre, lunes, Nuestra Señora de los Dolores.
2019;03064;Dolores;12 de abril, viernes de Dolores y 16 de septiembre, lunes, Nuestra Señora de los Dolores.
2020;03064;Dolores; 3 de abril, Viernes de Dolor y 21 de septiembre, lunes, Nuestra Señora de los Dolores.
2021;03064;Dolores; 26 de marzo, Viernes de Dolor, 20 de septiembre, lunes, Nuestra Señora de los Dolores.
2022;03064;Dolores;8 de abril, viernes, Viernes de Dolor, 19 de septiembre, lunes, Nuestra Sra. de los Dolores
2023;03064;Dolores; 31 de marzo, viernes, Viernes de Dolor, 18 de septiembre, lunes, Nuestra Sra. de los Dolores.
2024;03064;Dolores; 22 de marzo, Viernes de Dolores, 16 de septiembre, lunes, Nuestra Sra. de los Dolores.
2025;03064;Dolores;11 de abril, viernes de Dolor, 22 de septiembre, lunes, Nuestra Señora de los Dolores.
2025;03065;Elche/Elx;28 de abril, lunes festividad de San Vicente Ferrer, 29 de diciembre, lunes, Festividad de la Venida de la Virgen.
2024;03065;Elche/Elx; 28 de marzo, jueves, Jueves Santo, 8 de abril, lunes, festividad de San Vicente Ferrer.
2023;03065;Elche/Elx; 17 de abril, lunes festividad de San Vicente Ferrer, 29 de diciembre, viernes, Festividad de la Venida de la Virgen.
2022;03065;Elche/Elx;25 de abril, lunes festividad de San Vicente Ferrer, 29 de diciembre, jueves, Festividad de la Venida de la Virgen.
2021;03065;Elche/Elx; 12 de abril, lunes festividad de San Vicente Ferrer, 29 de diciembre, miércoles, Festividad de la Venida de la Virgen.
2020;03065;Elche/Elx; 20 de abril, lunes festividad de San Vicente, y 29 de diciembre, martes, Festividad de la Venida de la Virgen.
2019;03065;Elche/Elx;29 de abril, lunes festividad de San Vicente, y 25 de julio, jueves, festividad de San Jaime.
2018;03065;Elche/Elx;9 de abril, lunes festividad de San Vicente, y 29 de diciembre, sábado, Festividad de la Venida de Nuestra Señora.
2026;03065;Elche/Elx;13 de abril, Festividad de San Vicente Ferrer, 29 de diciembre, Festividad de la Venida de la Virgen.
2026;03066;Elda;8 y 9 de septiembre, Fiestas Patronales.
2018;03066;Elda;29 de marzo, jueves, Fiestas de Semana Santa y 8 de septiembre, sábado, Fiestas Patronales.
2019;03066;Elda;10 de junio, lunes, Moros y Cristianos y 9 de septiembre, lunes y Fiestas Patronales.
2020;03066;Elda; 8 y 9 de septiembre, martes y miércoles, Fiestas Patronales.
2021;03066;Elda; 8 y 9 de septiembre, miércoles y jueves, Fiestas Patronales.
2022;03066;Elda;8 y 9 de septiembre, jueves y viernes, Fiestas Patronales.
2023;03066;Elda; 6 de abril, jueves, Jueves Santo, 8 de septiembre, viernes, Fiestas Patronales.
2024;03066;Elda; 28 de marzo, Jueves Santo, 9 de septiembre, lunes Fiestas Patronales.
2025;03066;Elda;8 de septiembre, lunes, Fiestas Patronales, 9 de septiembre, martes, Fiestas Patronales
2025;03067;Facheca;22 de agosto, viernes, Fiestas Patronales Espíritu Santo, 26 de diciembre, viernes, segundo día de Navidad.
2024;03067;Facheca; 23 de agosto, viernes, fiestas patronales Espíritu Santo, 26 de diciembre, jueves, segundo día de Navidad.
2023;03067;Facheca; 25 de agosto, viernes. Fiestas Patronales Espíritu Santo, 26 de diciembre, martes segundo día de Navidad.
2022;03067;Facheca;26 de agosto, viernes, fiestas patronales del Espíritu Santo, 26 de diciembre, lunes Segundo Día de Navidad.
2021;03067;Facheca; 19 de abril, lunes, 20 de agosto, viernes.
2020;03067;Facheca; 27 y 28 de abril, lunes y martes, respectivamente.
2019;03067;Facheca;23 y 26 agosto, viernes y lunes respectivamente.
2018;03067;Facheca;24 y 27 agosto, viernes y lunes respectivamente.
2026;03067;Facheca;21 de agosto, Fiestas Patronales Espíritu Santo, 8 de octubre, Puente Festividad Comunitat Valenciana.
2026;03068;Famorca;27 de marzo, 13 de abril.
2018;03068;Famorca;23 de marzo, viernes, Virgen de los Dolores y 9 de abril, lunes, San Vicente.
2019;03068;Famorca;12 de abril, viernes, Virgen de los Dolores y 29 de abril, lunes, Festividad de San Vicente.
2020;03068;Famorca; 3 de abril, viernes y 20 de abril, lunes.
2021;03068;Famorca; 26 de marzo, viernes, 12 de abril, lunes.
2022;03068;Famorca;8 de abril, viernes, 25 de abril, lunes.
2023;03068;Famorca; 31 de marzo, viernes, 17 de abril, lunes.
2024;03068;Famorca; 22 de marzo, viernes, 8 de abril, lunes.
2025;03068;Famorca;11 de abril, viernes, 28 de abril, lunes.
2025;03069;Finestrat;21 de agosto, jueves, 22 de agosto, viernes.
2024;03069;Finestrat; 23 de agosto, viernes, 24 de agosto, sábado.
2023;03069;Finestrat; 24 de agosto, jueves, 25 de agosto, viernes.
2022;03069;Finestrat;19 de agosto, viernes, 24 de agosto, miércoles.
2021;03069;Finestrat; 23 y 24 de agosto, lunes y martes.
2020;03069;Finestrat; 21 y 24 de agosto, viernes y lunes, respectivamente.
2019;03069;Finestrat;22 y 23 de agosto, jueves y viernes, respectivamente.
2018;03069;Finestrat;23 de agosto, jueves y 24 de agosto, viernes.
2026;03069;Finestrat;21 de agosto, 24 de agosto.
2026;03070;Formentera del Segura;24 de agosto, 29 de septiembre
2018;03070;Formentera del Segura;25 de mayo, viernes y 27 de agosto, lunes.
2019;03070;Formentera del Segura;24 de mayo, viernes y 26 de agosto, lunes.
2020;03070;Formentera del Segura; 24 de agosto, lunes y 29 de septiembre, martes.
2021;03070;Formentera del Segura; 28 de mayo, viernes, 30 de agosto, lunes.
2022;03070;Formentera del Segura;27 de mayo, viernes, 29 de agosto, lunes.
2023;03070;Formentera del Segura; 28 de agosto, lunes, 29 de septiembre, viernes.
2024;03070;Formentera del Segura; 24 de mayo, viernes, 26 de agosto, lunes.
2025;03070;Formentera del Segura;25 de agosto, lunes, 29 de septiembre, lunes.
2025;03071;Gata de Gorgos;6 de agosto, miércoles, Festividad del Santísimo Cristo, 29 de septiembre, lunes, festividad de San Miguel Arcángel.
2024;03071;Gata de Gorgos; 6 de agosto, martes, festividad del Santísimo Cristo, 8 de abril, lunes de San Vicente.
2023;03071;Gata de Gorgos; 17 de abril, lunes, San Vicente Ferrer, 29 de septiembre, viernes, festividad de San Miguel Arcàngel.
2022;03071;Gata de Gorgos;6 de agosto, sábado, Festividad del Santísimo Cristo del Calvario, 29 de septiembre, jueves, Festividad de San Miguel Arcángel.
2021;03071;Gata de Gorgos; 6 de agosto, viernes, Festividad del Santísimo Cristo del Calvario, 29 de septiembre, miércoles, Festividad de San Miguel Arcángel.
2020;03071;Gata de Gorgos; 6 de agosto, jueves, Festividad del Santísimo Cristo del Calvario y 29 de septiembre, martes, Festividad de San Miguel.
2019;03071;Gata de Gorgos;5 de marzo, último martes y 6 de agosto, martes, Festividad del Santísimo Cristo del Calvario.
2018;03071;Gata de Gorgos;6 de agosto, lunes, Festividad del Santísimo Cristo del Calvario y 29 de septiembre, sábado, Festividad de San Miguel Arcángel.
2026;03071;Gata de Gorgos;6 de agosto, Festividad del Santísimo Cristo, 29 de septiembre, Festividad de San Miguel Arcángel.
2026;03072;Gaianes;7 y 8 de septiembre.
2018;03072;Gaianes;3 y 4 de septiembre, lunes y martes, respectivamente.
2019;03072;Gaianes;2 y 3 de septiembre, lunes y martes, respectivamente.
2020;03072;Gaianes; 7 y 8 de septiembre, lunes y martes, respectivamente.
2021;03072;Gaianes; 6 y 7 de septiembre, lunes y martes.
2022;03072;Gaianes;5 y 6 de septiembre, lunes y martes, respectivamente.
2023;03072;Gaianes; 4 y 5 de septiembre, lunes y martes, respectivamente.
2024;03072;Gaianes; 2 y 3 de septiembre, lunes y martes, respectivamente.
2025;03072;Gaianes;8 septiembre, lunes y martes,  9 de septiembre, martes
2025;03073;Gorga;29 de agosto, viernes, víspera de las fiestas patronales, 26 de diciembre, viernes, día “Dels Llauradors”.
2024;03073;Gorga; 23 de agosto, viernes, víspera de las fiestas patronales, 26 de diciembre, jueves, Dia dels Llauradors.
2023;03073;Gorga; 25 de agosto, viernes, víspera de las fiestas patronales, 26 de diciembre, martes, día «Dels Llauradors».
2022;03073;Gorga;26 de agosto, viernes, víspera de las fiestas patronales, 26 de diciembre, lunes, día "Dels Llauradors".
2021;03073;Gorga; 27 de agosto, viernes, víspera de las fiestas patronales, 7 de diciembre, martes.
2020;03073;Gorga; 28 de agosto, viernes, víspera de las fiestas patronales y 7 de diciembre, lunes.
2019;03073;Gorga;30 de agosto, viernes, víspera de las fiestas patronales y 26 de diciembre, jueves, día del Labrador.
2018;03073;Gorga;31 de agosto, viernes, víspera de las fiestas patronales y 26 de diciembre, miércoles, día del Labrador.
2026;03073;Gorga;28 de agosto, víspera de las fiestas patronales, 28 de diciembre, día “Dels Llauradors”.
2026;03074;Granja de Rocamora;29 de junio, Festividad de San Pedro, 7 de octubre, Festividad de la Virgen del Rosario.
2018;03074;Granja de Rocamora;3 de mayo, jueves, Festividad de la Santa Cruz y 29 de junio, viernes, Festividad de San Pedro.
2019;03074;Granja de Rocamora;3 de mayo, viernes, Festividad de la Santa Cruz y 7 de octubre, lunes, Virgen del Rosario.
2020;03074;Granja de Rocamora; 4 de mayo, lunes, fiestas de la Cruz de Mayo y 29 de junio, lunes, Festividad de San Pedro.
2021;03074;Granja de Rocamora; 3 de mayo, lunes, fiestas de la Cruz de Mayo, 29 de junio, martes, Festividad de San Pedro.
2022;03074;Granja de Rocamora;3 de mayo, martes, Fiestas de la Cruz, 29 de junio, miércoles, fiesta de San Pedro.
2023;03074;Granja de Rocamora; 3 de mayo, miércoles, Fiestas de la Cruz, 29 de junio, jueves, fiesta de San Pedro.
2024;03074;Granja de Rocamora; 3 de mayo, viernes, fiestas de la Cruz, 7 de octubre, lunes, Virgen del Rosario.
2025;03074;Granja de Rocamora;3 de mayo, sábado, festividad Stma. Cruz, 7 de octubre, martes, festividad de la Virgen del Rosario.
2025;03075;Castell de Guadalest (El);9 de mayo, viernes, 14 de agosto, jueves.
2024;03075;Castell de Guadalest (El); 14 de agosto, miércoles, 16 de agosto, viernes.
2023;03075;Castell de Guadalest (El); 16 de agosto, miércoles, 17 de agosto, jueves.
2022;03075;Castell de Guadalest (El);16 de agosto, martes, 17 de agosto, miércoles.
2021;03075;Castell de Guadalest (El); 16 de agosto, lunes y 17 de agosto, martes.
2020;03075;Castell de Guadalest (El); 14 de agosto, viernes y 17 de agosto, lunes.
2019;03075;Castell de Guadalest (El);16 de agosto, miércoles y 17 de agosto, jueves.
2018;03075;Castell de Guadalest (El);16 de agosto, jueves y 17 de agosto, viernes.
2026;03075;Castell de Guadalest (El);14 de agosto, 17 de agosto.
2026;03076;Guardamar del Segura;24 de julio, víspera de la Festividad de Santiago Apóstol, 7 de octubre, Festividad de la Virgen del Rosario.
2018;03076;Guardamar del Segura;25 de julio, miércoles, Festividad de Santiago Apóstol y 8 de octubre, lunes, Víspera de la Festividad de Nuestra Señora del Rosario.
2019;03076;Guardamar del Segura;25 de julio, jueves, Festividad de Santiago Apóstol y 7 de octubre, lunes, Festividad de Nuestra Señora del Rosario.
2020;03076;Guardamar del Segura; 24 de julio, viernes, Festividad de Santiago Apóstol y 7 de octubre, miércoles, Festividad de Nuestra Señora del Rosario.
2021;03076;Guardamar del Segura; 23 de julio, viernes, Festividad de Santiago Apóstol, 7 de octubre, jueves, Festividad de Nuestra Señora del Rosario.
2022;03076;Guardamar del Segura;25 de julio, lunes, Festividad de Santiago Apóstol, 7 de octubre, viernes, Festividad de Nuestra Señora del Rosario.
2023;03076;Guardamar del Segura; 25 de julio, martes, festividad de Santiago Apóstol, 6 de octubre, viernes, festividad de Nuestra Señora del Rosario.
2024;03076;Guardamar del Segura; 25 de julio, jueves, festividad de Santiago Apóstol, 7 de octubre, lunes, festividad de Nuestra Señora del Rosario.
2025;03076;Guardamar del Segura;25 de julio, viernes, Festividad de Santiago Apóstol, 7 de octubre, martes, Festividad de la Virgen del Rosario.
2025;03077;Hondón de las Nieves/Fondó de les Neus (El);27 de febrero, jueves, festividad del último jueves, 5 de agosto, martes, festividad de Nuestra Señora de las Nieves.
2024;03077;Hondón de las Nieves/Fondó de les Neus (El); 8 de febrero, jueves, festividad del último jueves, 5 de agosto, lunes, festividad de Ntra. Sra. de las Nieves.
2023;03077;Hondón de las Nieves/Fondó de les Neus (El); 16 de febrero, jueves, festividad del último jueves, 5 de agosto, sábado, festividad de Ntra. Sra. de las Nieves.
2022;03077;Hondón de las Nieves/Fondó de les Neus (El);24 de febrero, jueves, festividad del último jueves, 5 de agosto, viernes, festividad de Ntra. Sra. de las Nieves.
2021;03077;Hondón de las Nieves/Fondó de les Neus (El); 11 de febrero, jueves, festividad del último jueves, 5 de agosto, jueves, festividad de Ntra. Sra. de las Nieves.
2020;03077;Hondón de las Nieves/Fondó de les Neus (El); 20 de febrero, jueves y 5 de agosto, miércoles.
2019;03077;Hondón de las Nieves/Fondó de les Neus (El);28 de febrero, Último Jueves, y 5 de agosto, lunes, Fiestas Patronales.
2018;03077;Hondón de las Nieves/Fondó de les Neus (El);8 de febrero, jueves, Último Jueves, y 29 de marzo, Jueves Santo.
2026;03077;Hondón de las Nieves/Fondó de les Neus (El);12 de febrero, Festividad del último jueves, 5 de agosto, Festividad de Nuestra Señora de las Nieves.
2026;03078;Hondón de los Frailes;12 de febrero, Festividad “Último jueves”, 31 de agosto, Fiestas Patronales.
2018;03078;Hondón de los Frailes;8 de febrero, jueves, Último Jueves, y 27 de agosto, lunes, Fiestas Patronales.
2019;03078;Hondón de los Frailes;28 de febrero, Último Jueves, y 26 de agosto, lunes, Fiestas Patronales.
2020;03078;Hondón de los Frailes; 20 de febrero, jueves, Último Jueves, y 31 de agosto, lunes, Fiestas Patronales.
2021;03078;Hondón de los Frailes; 11 de febrero, jueves, Último Jueves, 30 de agosto, lunes, Fiestas Patronales.
2022;03078;Hondón de los Frailes;24 de febrero, jueves, 29 de agosto, lunes Fiestas Patronales
2023;03078;Hondón de los Frailes; 16 de febrero, jueves, 28 de agosto, lunes Fiestas Patronales.
2024;03078;Hondón de los Frailes; 8 de febrero, último jueves, 26 de agosto, lunes, fiestas patronales.
2025;03078;Hondón de los Frailes;27 de febrero, jueves, festividad “Último jueves”, 1 de septiembre, lunes Fiestas Patronales.
2025;03079;Ibi;12 de septiembre, viernes, 15 de septiembre, lunes.
2024;03079;Ibi; 13 de septiembre, viernes, 16 de septiembre, lunes.
2023;03079;Ibi; 15 de septiembre, viernes, 18 de septiembre, lunes.
2022;03079;Ibi;16 de septiembre, viernes, 19 de septiembre, lunes.
2021;03079;Ibi; 10 de septiembre, viernes y 13 de septiembre, lunes.
2020;03079;Ibi; 11 de septiembre, viernes y 14 de septiembre, lunes.
2019;03079;Ibi;13 de septiembre, viernes y 16 de septiembre, lunes.
2018;03079;Ibi;14 de septiembre, viernes y 17 de septiembre, lunes.
2026;03079;Ibi;11 de septiembre, 14 de septiembre.
2026;03080;Jacarilla;13 de abril, San Vicente, 8 de septiembre, Virgen de Belén.
2018;03080;Jacarilla;9 de abril, lunes, San Vicente Ferrer, y 8 de septiembre, sábado, Virgen María de Belén.
2019;03080;Jacarilla;29 de abril, lunes, San Vicente Ferrer, y 9 de septiembre, lunes, Virgen de Belén.
2020;03080;Jacarilla; 20 de abril, lunes, San Vicente Ferrer, y 8 de septiembre, martes, Virgen de Belén.
2021;03080;Jacarilla; 12 de abril, lunes, San Vicente Ferrer, 8 de septiembre, miércoles, Virgen de Belén.
2022;03080;Jacarilla;25 de abril, lunes, San Vicente Ferrer, 8 de septiembre, jueves, Virgen de Belén.
2023;03080;Jacarilla; 17 de abril, lunes, San Vicente Ferrer, 8 de septiembre, viernes, Virgen de Belen.
2024;03080;Jacarilla; 8 de abril, lunes, San Vicente Ferrer, 9 de septiembre, lunes, Virgen de Belén.
2025;03080;Jacarilla;28 de abril, lunes, San Vicente, 8 de septiembre, lunes, Virgen de Belén.
2025;03081;Xaló;4 de agosto, lunes, Festividad de Santo Domingo, 20 de octubre, lunes, Festividad de La Virgen Pobre.
2024;03081;Xaló; 5 de agosto, lunes, festividad de Santo Domingo, 21 de octubre, lunes, festividad de la Virgen Pobre.
2023;03081;Xaló; 4 de agosto, viernes, Festividad de Santo Domingo, 16 de octubre, lunes, Festividad de La Virgen Pobre.
2022;03081;Xaló;4 de agosto, jueves, Festividad de Santo Domingo, 17 de octubre, lunes, Festividad de La Virgen Pobre.
2021;03081;Xaló; 4 de agosto, miércoles, Festividad de Santo Domingo y 18 de octubre, lunes, Festividad de La Virgen María Pobre.
2020;03081;Xaló; 4 de agosto, martes, Festividad de Santo Domingo y 19 de octubre, lunes, Festividad de La Virgen María Pobre.
2019;03081;Xaló;5 de agosto, lunes, Festividad de Santo Domingo y 21 de octubre, lunes, Festividad de La Virgen María Pobre.
2018;03081;Xaló;6 de agosto, lunes, Festividad de Santo Domingo y 22 de octubre, lunes, Festividad de la Virgen María Pobre.
2026;03081;Xaló;4 de agosto, Festividad de Santo Domingo, 19 de octubre, Festividad de La Virgen Pobre.
2026;03082;Xàbia/Jávea;13 de abril, Fiesta de San Vicente, 8 de septiembre, Fiesta de Nuestra Señora de Loreto.
2018;03082;Xàbia/Jávea;3 de mayo, jueves, subida de Jesús de Nazaret y festividad de la Santa Cruz, y 8 de septiembre, sábado, Fiesta de Nuestra Señora de Loreto.
2019;03082;Xàbia/Jávea;3 de mayo, viernes, subida de Jesús de Nazaret y festividad de la Santa Cruz, y 29 de abril, lunes, Fiesta de San Vicente.
2020;03082;Xàbia/Jávea; 20 de abril, lunes, Fiesta de San Vicente y 8 de septiembre, martes, Fiesta de Nuestra Señora de Loreto.
2021;03082;Xàbia/Jávea; 3 de mayo, lunes, Subida de Jesús Nazareno, 8 de septiembre, miércoles, Fiesta de Nuestra Señora de Loreto.
2022;03082;Xàbia/Jávea;3 de mayo, martes, Subida de Jesús Nazareno, 8 de septiembre, jueves, Fiesta de Nuestra Señora de Loreto.
2023;03082;Xàbia/Jávea; 3 de mayo, miércoles, Subida de Jesús Nazareno, 8 de septiembre, viernes, fiesta de Nuestra Señora de Loreto.
2024;03082;Xàbia/Jávea; 8 de abril, lunes, fiesta de San Vicente, 3 de mayo, viernes, subida de Jesús Nazareno.
2025;03082;Xàbia/Jávea;28 de abril, lunes, fiesta de San Vicente, 8 de septiembre, lunes, Fiesta de Ntra. Sra. de Loreto.
2025;03083;Xixona/Jijona;20 de enero, lunes, festividad de San Sebastián, 25 de agosto, lunes, tercer día de las Fiestas de Moros y Cristianos.
2024;03083;Xixona/Jijona; 8 de abril, lunes, 26 de agosto, lunes.
2023;03083;Xixona/Jijona; 20 de enero, viernes festividad de San Sebastián, 21 de agosto, lunes, tercer día de las Fiestas de Moros y Cristianos.
2022;03083;Xixona/Jijona;20 de enero, jueves, 22 de agosto, lunes.
2021;03083;Xixona/Jijona; 20 de enero, miércoles y 23 de agosto, lunes.
2020;03083;Xixona/Jijona; 20 de enero, lunes y 24 de agosto, lunes.
2019;03083;Xixona/Jijona;29 de abril, lunes y 26 de agosto, lunes.
2018;03083;Xixona/Jijona;9 de abril, lunes y 20 de agosto, lunes.
2026;03083;Xixona/Jijona;20 de enero, Festividad de San Sebastián, 24 de agosto, tercer día de las Fiestas de Moros y Cristianos.
2026;03084;Orxa (L')/Lorcha;17 de julio, 20 de julio.
2018;03084;Orxa (L')/Lorcha;20 y 23 de julio, viernes y lunes.
2019;03084;Orxa (L')/Lorcha;19 de julio, viernes y 22 de julio, lunes, Fiestas Mayores.
2020;03084;Orxa (L')/Lorcha; 17 y 20 de julio, viernes y lunes.
2021;03084;Orxa (L')/Lorcha; 16 y 19 de julio, viernes y lunes.
2022;03084;Orxa (L')/Lorcha;22 y 25 de julio, viernes y lunes.
2023;03084;Orxa (L')/Lorcha; 21 de julio, viernes, 24 de julio, lunes.
2024;03084;Orxa (L')/Lorcha; 19 de julio, viernes, 22 de julio, lunes.
2025;03084;Orxa (L')/Lorcha;18 de julio, viernes, 21 de julio, lunes.
2025;03085;Llíber;18 de agosto, lunes, 19 de agosto, martes.
2024;03085;Llíber; 16 de agosto, viernes, 19 de agosto, lunes.
2023;03085;Llíber; 16 y 17 de agosto, miércoles y jueves, respectivamente.
2022;03085;Llíber;16 y 17 de agosto, martes y miércoles, respectivamente.
2021;03085;Llíber; 16 y 17 de agosto, lunes y martes.
2020;03085;Llíber; 17 y 18 de agosto, lunes y martes, respectivamente.
2019;03085;Llíber;14 y 16 de agosto, miércoles y viernes.
2018;03085;Llíber;16 y 17 de agosto, jueves y viernes, respectivamente.
2026;03085;Llíber;17 de agosto y 18 de agosto.
2026;03086;Millena;10 de julio, víspera de Fiestas Patronales, 13 de julio, segundo día Fiestas Patronales.
2018;03086;Millena;13 de julio, viernes, vísperas Fiestas Patronales y 16 de julio, lunes, segundo día de las Fiestas Patronales.
2019;03086;Millena;12 de julio, viernes, Víspera de Fiestas Patronales y 15 de julio, lunes, segundo día de Fiestas Patronales.
2020;03086;Millena; 10 de julio, viernes, vísperas Fiestas Patronales y 13 de julio, lunes, segundo día de las Fiestas Patronales.
2021;03086;Millena; 9 de julio, viernes, vísperas Fiestas Patronales, 12 de julio, lunes, segundo día de las Fiestas Patronales.
2022;03086;Millena;8 de julio, viernes, vísperas Fiestas Patronales, 11 de julio, lunes, segundo día de las Fiestas Patronales.
2023;03086;Millena; 7 de julio, viernes, vísperas Fiestas Patronales, 10 de julio, lunes, segundo día de las Fiestas Patronales.
2024;03086;Millena; 12 de julio, viernes, vísperas fiestas patronales, 15 de julio, lunes, segundo día de las fiestas patronales.
2025;03086;Millena;11 de julio, viernes, víspera de Fiestas Patronales, 14 de julio, lunes, segundo día Fiestas Patronales.
2025;03088;Monforte del Cid;28 de abril, lunes, 9 de diciembre, martes.
2024;03088;Monforte del Cid; 17 de mayo, viernes, 9 de diciembre, lunes.
2023;03088;Monforte del Cid; 17 de mayo, miércoles, San Pascual, 7 de diciembre, jueves, Fiestas Patronales.
2022;03088;Monforte del Cid;17 de mayo, martes, 7 de diciembre, miércoles.
2021;03088;Monforte del Cid; 17 de mayo, lunes, 7 de diciembre, martes.
2020;03088;Monforte del Cid; 7 y 9 de diciembre, lunes y miércoles, respectivamente, Fiestas de Moros y Cristianos.
2019;03088;Monforte del Cid;17 de mayo, viernes, San Pascual y 9 de diciembre, lunes, Fiestas de Moros y Cristianos.
2018;03088;Monforte del Cid;17 de mayo, jueves, San Pascual y 7 de diciembre, viernes, Fiestas de Moros y Cristianos.
2026;03088;Monforte del Cid;7 de diciembre, 9 de diciembre.
2026;03089;Monòver/Monóvar;13 de abril, lunes de San Vicente, 8 de septiembre, celebración de las Fiestas Patronales.
2018;03089;Monòver/Monóvar;9 de abril, lunes, San Vicente y 10 de septiembre, lunes, Fiestas Patronales.
2019;03089;Monòver/Monóvar;29 de abril, lunes, San Vicente y 9 de septiembre, lunes, Fiestas Patronales.
2020;03089;Monòver/Monóvar; 20 de abril, lunes, San Vicente y 8 de septiembre, martes, Fiestas Patronales.
2021;03089;Monòver/Monóvar; 12 de abril, lunes, San Vicente Ferrer, 8 de septiembre, miércoles, Fiestas Patronales.
2022;03089;Monòver/Monóvar;25 de abril, lunes, San Vicente Ferrer, 8 de septiembre, jueves, Fiestas Patronales.
2023;03089;Monòver/Monóvar; 17 de abril, lunes, San Vicente Ferrer, 8 de septiembre, viernes, Fiestas Patronales.
2024;03089;Monòver/Monóvar; 8 de abril, lunes, San Vicente, 9 de septiembre, lunes, fiestas patronales.
2025;03089;Monòver/Monóvar;28 de abril, lunes de San Vicente, 8 de septiembre, lunes, celebración de las Fiestas Patronales.
2025;03090;Mutxamel;1 de marzo, sábado, festividad del Milagro de la Lágrima de la Mare de Déu del Loreto, 9 de septiembre, martes, festividad de la Mare de Déu del Loreto.
2024;03090;Mutxamel; 1 de marzo, viernes, festividad del Milagro de la Lágrima de la Virgen de Loreto, 9 de septiembre, lunes, festividad de la Virgen de Loreto.
2023;03090;Mutxamel; 1 de marzo, miércoles, festividad del Milagro de la Lágrima de la Virgen de Loreto, 9 de septiembre, sábado, festividad de la Virgen de Loreto.
2022;03090;Mutxamel;1 de marzo, martes, festividad del Milagro de la Lágrima de la Virgen de Loreto, 9 de septiembre, viernes, festividad de la Virgen de Loreto.
2021;03090;Mutxamel; 1 de marzo, lunes, festividad del Milagro de la Lágrima de la Virgen de Loreto, 9 de septiembre, jueves, festividad de la Virgen de Loreto.
2020;03090;Mutxamel; 6 de agosto, jueves, Festividad del Salvador y 9 de septiembre, miércoles, Festividad de Nuestra Señora de Loreto.
2019;03090;Mutxamel;1 de marzo, viernes, festividad del Miracle de la Llàgrima y 9 de septiembre, lunes, festividad de la Mare de Déu de Loreto.
2018;03090;Mutxamel;1 de marzo, jueves, Festividad del «Milagro de la Llágrima» y 6 de agosto, lunes, Festividad del Salvador.
2026;03090;Mutxamel;6 de agosto, Festividad del Salvador, 9 de septiembre, Festividad de la Mare de Déu del Loreto.
2026;03091;Murla;20 de marzo, 13 de abril.
2018;03091;Murla;9 de abril, lunes, y 26 de diciembre, miércoles.
2019;03091;Murla;29 de abril, lunes, y 26 de diciembre, jueves.
2020;03091;Murla; 20 de abril, lunes, y 7 de diciembre, lunes.
2021;03091;Murla; 11 de octubre, lunes, 7 de diciembre, martes.
2022;03091;Murla;5 de agosto, viernes, 26 de diciembre, lunes.
2023;03091;Murla; 20 de marzo, lunes, 26 de diciembre, martes.
2024;03091;Murla; 5 de agosto, lunes, 6 de agosto, martes.
2025;03091;Murla;5 de agosto, martes, 6 de agosto, miércoles.
2025;03092;Muro de Alcoy;12 de mayo, lunes, fiestas patronales en honor a la Virgen de los Desamparados, 13 de mayo, martes, fiestas patronales en honor a la Virgen de los Desamparados.
2024;03092;Muro de Alcoy; 13 de mayo, lunes, 14 de mayo, martes.
2023;03092;Muro de Alcoy; 15 de mayo, lunes, 16 de mayo, martes.
2022;03092;Muro de Alcoy;9 de mayo, lunes, 10 de mayo, martes, fiestas patronales.
2021;03092;Muro de Alcoy; 11 de octubre y 7 de diciembre
2020;03092;Muro de Alcoy; 11 y 12 de,mayo, lunes y martes, fiestas patronales en honor a Nuestra Señora de los Desamparados.
2019;03092;Muro de Alcoy;13 de septiembre, y 14 de septiembre, fiestas patronales.
2018;03092;Muro de Alcoy;14 y 15 de mayo, lunes y martes, fiestas patronales en honor a Nuestra Señora de los Desamparados.
2026;03092;Muro de Alcoy;11 y 12 de mayo, fiestas patronales en honor a la Virgen de los Desamparados.
2026;03093;Novelda;13 de abril, Segundo Lunes de Pascua, 22 de julio, Festividad de Santa María Magdalena Patrona de Novelda.
2018;03093;Novelda;9 de abril, lunes, segundo lunes de Pascua, y 26 de diciembre, miércoles, segundo Día de Navidad.
2019;03093;Novelda;22 de julio, lunes, festividad de Santa María Magdalena y 26 de diciembre, jueves, segundo Día de Navidad.
2020;03093;Novelda; 20 de abril, Segundo lunes de Pascua y 22 de julio, miércoles, festividad de Santa María Magdalena.
2021;03093;Novelda; 12 de abril, Segundo lunes de Pascua, 22 de julio, jueves, festividad de Santa María Magdalena.
2022;03093;Novelda;22 de julio, viernes, festividad de Santa María Magdalena, 26 de diciembre, lunes segundo Día de Navidad.
2023;03093;Novelda; 22 de julio, sábado, festividad de Santa María Magdalena, 26 de diciembre, martes 2º Día de Navidad.
2024;03093;Novelda; 22 de julio, lunes, festividad de Santa María Magdalena, 26 de diciembre, jueves, segundo día de Navidad.
2025;03093;Novelda;22 de julio, martes, festividad de Santa María Magdalena Patrona de Novelda, 26 de diciembre, viernes, Segundo día de Navidad, fiesta tradicional de carácter local.
2025;03094;Nucia (la);28 de abril, lunes, Festividad de San Vicente, 18 de agosto, lunes, fiestas de agosto.
2024;03094;Nucia (la); 8 de abril, lunes, festividad de San Vicente, 16 de agosto, viernes, fiestas de agosto.
2023;03094;Nucia (la); 17 de abril, lunes, festividad de San Vicente Ferrer, 17 de agosto, jueves, fiestas de agosto.
2022;03094;Nucia (la);25 de abril, lunes, Festividad de San Vicente, 17 de agosto, miércoles, fiestas de agosto.
2021;03094;Nucia (la); 12 de abril, lunes, Festividad de San Vicente Ferrer, 17 de agosto, martes, fiestas de agosto.
2020;03094;Nucia (la); 20 de abril, lunes, Festividad de San Vicente y 17 de agosto, lunes, fiestas de agosto.
2019;03094;Nucia (la);29 de abril, lunes, Festividad de San Vicente y 9 de julio, martes, Fiesta de la Independencia municipal.
2018;03094;Nucia (la);9 de abril, lunes, festividad de San Vicente y 9 de julio, lunes fiesta de la Independencia Municipal.
2026;03094;Nucia (la);13 de abril, Festividad de San Vicente del Cautivador, 17 de agosto, fiestas de agosto.
2026;03095;Ondara;13 de abril, Festividad de San Vicente, 13 de julio, Festividad de la Virgen de la Soledad.
2018;03095;Ondara;9 de julio, lunes, Festividad de la Madre de Dios de la Soledad y 26 de julio, jueves, Festividad de Santa Ana.
2019;03095;Ondara;8 de julio, lunes, Festividad de la Madre de Dios de la Soledad y 26 de julio, viernes, Festividad de Santa Ana.
2020;03095;Ondara; 20 de abril, lunes, Festividad de San Vicente y 13 de julio, lunes, Festividad de la Madre de Dios de la Soledad.
2021;03095;Ondara; 12 de julio, lunes, festividad de la Virgen de la Soledad y 26 de julio, lunes, Santa Ana.
2022;03095;Ondara;11 de julio, lunes, festividad de la Virgen de la Soledad, 26 de julio, martes, Santa Ana.
2023;03095;Ondara; 10 de julio, lunes, festividad de la Madre de Dios de la Soledad, 26 de julio, miércoles, Santa Ana.
2024;03095;Ondara; 8 de julio, lunes, festividad de la Virgen de la Soledad, 26 de julio, viernes, Santa Ana.
2025;03095;Ondara;14 de julio, lunes, festividad de la Virgen de la Soledad, 25 de julio, viernes, festividad de San Jaime.
2025;03096;Onil;23 de abril, miércoles, día de la Virgen, 28 de noviembre, viernes día de Nuestro Señor Robado.
2024;03096;Onil; 23 de abril, martes, día de la Virgen de la Salud, 28 de noviembre, jueves, día del Señor Robado.
2023;03096;Onil; 28 de abril, viernes, día de la entrada, 28 de noviembre, martes, día del Señor Robado.
2022;03096;Onil;23 de abril, sábado, día de la Virgen de la Salud, 28 de noviembre, lunes, día del Señor Robado.
2021;03096;Onil; 23 de abril, viernes, día de la Virgen de la Salud, 30 de abril, viernes, primer día de Truenos.
2020;03096;Onil; 23 de abril, jueves, y 28 de noviembre, sábado.
2019;03096;Onil;23 de abril, martes, y 28 de noviembre, jueves.
2018;03096;Onil;23 de abril, lunes, y 28 de noviembre, miércoles.
2026;03096;Onil;23 de abril, día de la Virgen, 28 de noviembre, día de Nuestro Señor Robado.
2026;03097;Orba;11 de mayo, 26 de diciembre.
2018;03097;Orba;14 de mayo, lunes, y 26 de diciembre, miércoles.
2019;03097;Orba;13 de mayo, lunes, y 26 de diciembre, jueves.
2020;03097;Orba; 11 de mayo, lunes y 20 d abril, lunes.
2021;03097;Orba; 10 de mayo, lunes y 12 de abril, lunes.
2022;03097;Orba;9 de mayo, lunes, 26 de diciembre, lunes.
2023;03097;Orba; 15 de mayo, lunes, 26 de diciembre, martes.
2024;03097;Orba; 13 de mayo, lunes, 26 de diciembre, jueves.
2025;03097;Orba;12 de mayo, lunes, 26 de diciembre, viernes.
2025;03098;Orxeta;19 de septiembre, viernes, fiestas patronales en honor a Santo Tomás de Villanueva y San Nazario, 22 de septiembre, lunes, fiestas patronales en honor a Santo Tomás de Villanueva y San Nazario.
2024;03098;Orxeta; Sin determinar.
2023;03098;Orxeta; 15 de septiembre, viernes y 18 de septiembre lunes.
2022;03098;Orxeta;16 de septiembre, viernes, 19 de septiembre lunes.
2021;03098;Orxeta; 17 de septiembre, viernes y 20 de septiembre, lunes
2020;03098;Orxeta; 18 y 21 de septiembre, viernes y lunes, respectivamente.
2019;03098;Orxeta;20 y 23 de septiembre, viernes y lunes, respectivamente.
2018;03098;Orxeta;21 y 24 de septiembre, viernes y lunes, respectivamente, San Nazario y San Tomás.
2026;03098;Orxeta;18 de septiembre, 21 de septiembre, respectivamente fiestas patronales en honor a Santo Tomás de Villanueva y San Nazario.
2026;03099;Orihuela;17 de julio, Gloriosa Enseña del Oriol y Fiestas de la Reconquista, 8 de septiembre, Festividad de Ntra. Sra. Virgen de Monserrate Patrona de Orihuela
2018;03099;Orihuela;17 de julio, martes, Gloriosa Enseña del Oriol y Fiesta de la Reconquista, y de 8 septiembre, sábado, Ntra. Sra. de Monserrate, Patrona de Orihuela.
2019;03099;Orihuela;17 de julio, miércoles, Gloriosa Enseña del Oriol y Fiesta de la Reconquista, y de 18 de abril, Jueves Santo.
2020;03099;Orihuela; 17 de julio, viernes, Gloriosa Enseña del Oriol y Fiesta de la Reconquista, y de 8 septiembre, martes, Ntra. Sra. de Monserrate, Patrona de la Ciudad de Orihuela.
2021;03099;Orihuela; 17 de julio, sábado, Gloriosa Enseña del Oriol y Fiesta de la Reconquista, y de 8 septiembre, miércoles, Ntra. Sra. de Monserrate.,
2022;03099;Orihuela;15 de julio, viernes, Gloriosa Enseña del Oriol y Fiesta de la Reconquista, 8 de septiembre, jueves, Patrona de la Ciudad de Orihuela.
2023;03099;Orihuela; 17 de julio, lunes, Gloriosa Enseña del Oriol y Fiesta de la Reconquista, 8 de septiembre, viernes, Patrona de la Ciudad de Orihuela.
2024;03099;Orihuela; 28 de marzo, Jueves Santo, 17 de julio, miércoles, Gloriosa Enseña de Oriol y fiestas de la Reconquista.
2025;03099;Orihuela;17 de julio, jueves, Gloriosa Enseña del Oriol y Fiestas de la Reconquista, 8 de septiembre, lunes, Festividad de Ntra. Sra. Virgen de Monserrate Patrona de Orihuela.
2025;03100;Parcent;28 de abril, lunes, San Vicente, 26 de diciembre, viernes, segundo día de Navidad.
2024;03100;Parcent; 8 de abril, lunes, San Vicente, 26 de diciembre, jueves, segundo día de Navidad.
2023;03100;Parcent; 10 de agosto, jueves, festividad de San Lorenzo, 26 de diciembre, martes, segundo día de Navidad.
2022;03100;Parcent;10 de agosto, miércoles, festividad de San Lorenzo, 26 de diciembre, lunes, segundo día de Navidad.
2021;03100;Parcent; 12 de abril, lunes, Festividad de San Vicente y 10 de agosto, martes, festividad de San Lorenzo.
2020;03100;Parcent; 20 de abril, lunes, Festividad de San Vicente y 10 de agosto,lunes, festividad de San Lorenzo.
2019;03100;Parcent;29 de abril, lunes, Festividad de San Vicente y 26 de diciembre, jueves, segundo día de Navidad.
2018;03100;Parcent;10 de agosto, viernes, Festividad de San Lorenzo y 26 de diciembre, miércoles, segundo día de Navidad.
2026;03100;Parcent;13 de abril, San Vicente, 10 de agosto, San Lorenzo.
2026;03101;Pedreguer;3 de febrero, San Blas , 15 de julio, San Buenaventura.
2018;03101;Pedreguer;17 de enero, miércoles, San Antonio y 3 de febrero, sábado, San Blas.
2019;03101;Pedreguer;17 de enero, jueves, San Antonio y 15 de julio, lunes, San Buenaventura.
2020;03101;Pedreguer; 3 de febrero, lunes, San Blas y 15 de julio, miércoles, San Buenaventura.
2021;03101;Pedreguer; 3 de febrero, miércoles, San Blas y 15 de julio, jueves, San Buenaventura.
2022;03101;Pedreguer;3 de febrero, jueves, San Blas, 15 de julio, viernes, San Buenaventura.
2023;03101;Pedreguer; 3 de febrero, viernes, San Blas, 15 de julio, sábado, San Buenaventura.
2024;03101;Pedreguer; 3 de febrero, sábado, San Blas, 15 de julio, lunes, San Buenaventura.
2025;03101;Pedreguer;3 de febrero, lunes, San Blas , 15 de julio, martes, San Buenaventura.
2025;03102;Pego;2 de julio, miércoles, Festividad del Santísimo Ecce-Homo , 26 de diciembre, viernes, el día siguiente a Navidad.
2024;03102;Pego; 3 de julio, miércoles, festividad del Santísimo Ecce Homo, 26 de diciembre, jueves, segundo día de Navidad.
2023;03102;Pego; 28 de junio, miércoles, festividad del Santísimo Ecce-Homo, 26 de diciembre, martes, 2ª día de Navidad.
2022;03102;Pego;29 de junio, miércoles, Festividad del Santísimo Ecce-Homo, 26 de diciembre, lunes.
2021;03102;Pego; 16 de febrero, martes, Dia de la Crosta y 30 de junio, miércoles, Festividad del Santísimo Ecce-Homo.
2020;03102;Pego; 25 de febrero, martes, Dia de la Crosta y 1 de julio, miércoles, Festividad del Santísimo Ecce-Homo.
2019;03102;Pego;3 de julio, miércoles, Festividad del Stmo. Ecce-Homo y 26 de diciembre, jueves, segundo día de Navidad.
2018;03102;Pego;27 de junio, miércoles, Festividad del Stmo. Ecce-homo y 26 de diciembre, miércoles, segundo día de Navidad.
2026;03102;Pego;17 de febrero, Día de la Crosta, 1 de julio, Festividad del Santísimo Ecce-Homo.
2026;03103;Penàguila;25 de agosto, Festividad de la Virgen del Patrocinio, 7 de diciembre.
2018;03103;Penàguila;27 de agosto, lunes y 26 de diciembre, miércoles.
2019;03103;Penàguila;26 de agosto, lunes y 26 de diciembre, jueves.
2020;03103;Penàguila; 24 de agosto, lunes y 9 de abril, jueves.
2021;03103;Penàguila; 23 de agosto, lunes Virgen del Patrocinio y 7 de diciembre, martes.
2022;03103;Penàguila;22 de agosto, lunes Virgen del Patrocinio, 7 de diciembre, miércoles.
2023;03103;Penàguila; 28 de agosto, lunes Virgen del Patrocinio, 7 de diciembre, jueves.
2024;03103;Penàguila; 26 de agosto, lunes, festividad de la Virgen del Patrocinio, 23 de diciembre, lunes.
2025;03103;Penàguila;25 de agosto, lunes, festividad de la Virgen del Patrocinio, 26 de diciembre, viernes, Segundo día de Navidad.
2025;03104;Petrer;19 de mayo, lunes, Fiestas de Moros y Cristianos, 7 de octubre, martes, Fiesta Patronal en honor de la Virgen del Remedio.
2024;03104;Petrer; 20 de mayo, lunes, fiesta de Moros y Cristianos, 7 de octubre, lunes, fiesta patronal en honor de la Virgen del Remedio.
2023;03104;Petrer; 15 de mayo, lunes, Fiesta de Moros y Cristianos, 7 de octubre, sábado, Fiesta Patronal en honor de Nuestra Señora del Remedio.
2022;03104;Petrer;16 de mayo, lunes, Fiesta de Moros y Cristianos, 7 de octubre, viernes, Fiesta Patronal en honor de Nuestra Señora del Remedio.
2021;03104;Petrer; 17 de mayo, lunes, Fiesta de Moros y Cristianos y 7 de octubre, jueves, Fiesta Patronal en honor de Nuestra Señora del Remedio.
2020;03104;Petrer; 18 de mayo, lunes, Fiesta de Moros y Cristianos y 7 de octubre, miercoles, Fiesta Patronal en honor de Nuestra Señora del Remedio.
2019;03104;Petrer;20 de mayo, lunes, Fiesta de Moros y Cristianos y 7 de octubre, lunes, Fiesta Patronal en honor de Nuestra Señora del Remedio.
2018;03104;Petrer;21 de mayo, lunes, Fiesta de Moros y Cristianos y 8 de octubre, lunes, Fiesta Patronal en honor de la Virgen del Remedio.
2026;03104;Petrer;18 de mayo, Fiestas de Moros y Cristianos, 7 de octubre, Fiesta Patronal en honor de la Virgen del Remedio.
2026;03105;Pinoso/Pinós (El);13 de abril, 8 de agosto.
2018;03105;Pinoso/Pinós (El);9 de abril, lunes y 8 de agosto, miércoles.
2019;03105;Pinoso/Pinós (El);29 de abril, lunes y 8 de agosto, jueves.
2020;03105;Pinoso/Pinós (El); 20 de abril, lunes y 8 de agosto, sábado.
2021;03105;Pinoso/Pinós (El); 15 de febrero, lunes y 12 de abril, lunes.
2022;03105;Pinoso/Pinós (El);25 de abril, lunes, 8 de agosto, lunes.
2023;03105;Pinoso/Pinós (El); 17 de abril, lunes, 8 de agosto, martes.
2024;03105;Pinoso/Pinós (El); 8 de abril, lunes, 8 de agosto, jueves.
2025;03105;Pinoso/Pinós (El);28 de abril, lunes, 8 de agosto, viernes.
2025;03106;Planes;3 de octubre, viernes, 6 de octubre, lunes, Fiestas Mayores.
2024;03106;Planes; 4 de octubre, viernes, 7 de octubre, lunes, fiestas mayores.
2023;03106;Planes; 29 de septiembre, viernes, 2 de octubre, lunes, fiestas mayores.
2022;03106;Planes;30 de septiembre, viernes, 3 de octubre, lunes.
2021;03106;Planes; 1 de octubre, lunes y 7 de diciembre, martes.
2020;03106;Planes; 2 de octubre, viernes y 5 de octubre, lunes.
2019;03106;Planes;4 de octubre, viernes y 7 de octubre, lunes, Fiestas Mayores.
2018;03106;Planes;5 de octubre, viernes y 8 de octubre, lunes
2026;03106;Planes;2 de octubre, 5 de octubre, Fiestas Mayores.
2026;03107;Polop;14 de agosto, Fiestas del Porrat, 2 de octubre, Fiestas de San Francisco de Asís.
2018;03107;Polop;4 y 5 de octubre, jueves y viernes, Fiestas Patronales de San Francisco de Asís.
2019;03107;Polop;16 de agosto, viernes y 4 de octubre, viernes.
2020;03107;Polop; 17 de agosto, lunes y 2 de octubre, viernes.
2021;03107;Polop; 16 de agosto, lunes y 4 de octubre, lunes.
2022;03107;Polop;3 y 4 de octubre, lunes y martes, Fiestas de San Francisco.
2023;03107;Polop; 4 y 5 de octubre, miércoles y jueves, Fiestas de San Francisco.
2024;03107;Polop; 16 de agosto, viernes, fiestas del Porrat, 4 de octubre, viernes, fiestas de San Francisco.
2025;03107;Polop;2 de octubre, jueves, Fiestas de San Francisco de Asís, 3 de octubre, viernes, Fiestas de San Francisco de Asís.
2025;03109;Rafal;7 de octubre, martes, 8 de octubre, miércoles.
2024;03109;Rafal; 7 de octubre, lunes, 8 de octubre, martes.
2023;03109;Rafal; 6 de octubre, viernes, 7 de diciembre, jueves.
2022;03109;Rafal;6 de octubre, jueves , 7 de octubre, viernes.
2021;03109;Rafal; 7 de octubre, jueves y 8 de octubre, viernes.
2020;03109;Rafal; 7 y 8 de octubre, miércoles y jueves.
2019;03109;Rafal;7 y 8 de octubre, lunes y martes.
2018;03109;Rafal;8 de octubre, lunes, y 7 de diciembre, viernes.
2026;03109;Rafal;7 de octubre y 8 de octubre.
2026;03110;Ràfol d'Almúnia (El);13 de agosto, Inmaculada Concepción, 14 de agosto, San Francisco de Paula.
2018;03110;Ràfol d'Almúnia (El);16 y 17 de agosto, jueves y viernes respectivamente, Fiesta Patronal.
2019;03110;Ràfol d'Almúnia (El);29 de abril, lunes, San Vicente y 16 de agosto, viernes, San Francisco de Paula.
2020;03110;Ràfol d'Almúnia (El); 13 y 14 de agosto, jueves y viernes, Festividad Inmaculada Concepción y Festividad San Francisco de Paula.
2021;03110;Ràfol d'Almúnia (El); 12 y 13 de agosto, jueves y viernes, Festividad Inmaculada Concepción y Festividad San Francisco de Paula.
2022;03110;Ràfol d'Almúnia (El);18 de agosto, jueves, festividad de la Inmaculada Concepción, 19 de agosto, viernes, festividad de San Francisco de Paula.
2023;03110;Ràfol d'Almúnia (El); 17 de agosto, jueves, festividad de la Inmaculada Concepción, 18 de agosto, viernes, festividad de San francisco de Paula.
2024;03110;Ràfol d'Almúnia (El); 8 de abril, lunes, San Vicente, 16 de agosto, viernes, San Francisco de Paula.
2025;03110;Ràfol d'Almúnia (El);28 de abril, lunes, San Vicente Ferrer, 14 de agosto, jueves, Inmaculada Concepción.
2025;03111;Redován;8 de septiembre, lunes, 29 de septiembre, lunes.
2024;03111;Redován; 6 de septiembre, viernes, 27 de septiembre, viernes.
2023;03111;Redován; 8 de septiembre, viernes, 29 de septiembre, viernes.
2022;03111;Redován;8 de septiembre, jueves, 29 de septiembre, jueves.
2021;03111;Redován; 8 de septiembre, miércoles y 29 de septiembre, miércoles.
2020;03111;Redován; 8 de septiembre, martes y 29 de septiembre, martes.
2019;03111;Redován;6 de septiembre, viernes y 27 de septiembre, viernes.
2018;03111;Redován;7 de septiembre, viernes y 28 de septiembre, viernes.
2026;03111;Redován;8 de septiembre, 29 de septiembre.
2026;03112;Relleu;10 de agosto, Fiestas de San Albert, 28 de septiembre, Fiestas de Nuestra Señora del Milagro y los Santos Médicos San Cosme y San Damià.
2018;03112;Relleu;6 de agosto, lunes, Fiestas de San Alberto y 1 de octubre, lunes, Fiestas de Nuestra Señora del Milagro.
2019;03112;Relleu;5 de agosto, lunes, Fiestas de San Alberto y 30 de septiembre, lunes, Fiestas de Nuestra Señora del Milagro.
2020;03112;Relleu; 10 de agosto, lunes, Fiestas de San Albert y 28 de septiembre, lunes, Fiestas de Nuestra Señora del Milagro.
2021;03112;Relleu; 9 de agosto, lunes, Fiestas de San Albert y 27 de septiembre, lunes, Fiestas de Nuestra Señora del Milagro.
2022;03112;Relleu;8 de agosto, lunes, Fiestas de San Alberto, 26 de septiembre, lunes, Fiestas de Nuestra Señora del Milagro.
2023;03112;Relleu; 7 de agosto, lunes, Fiestas de San Albert, 25 de septiembre, lunes, Fiestas de Nuestra Señora del Milagro.
2024;03112;Relleu; 5 de agosto, lunes, fiestas de Sant Albert, 30 de septiembre, lunes, fiestas de Nuestra Señora del Milagro.
2025;03112;Relleu;11 de agosto, lunes, Fiestas de San Albert, 29 de septiembre, lunes, Fiestas de Nuestra Señora del Milagro.
2025;03113;Rojales;7 de octubre, martes, Virgen del Rosario, 26 de diciembre, viernes, segundo día de Navidad.
2024;03113;Rojales; 29 de junio, sábado, San Pedro Apóstol, 7 de octubre, lunes, Virgen del Rosario.
2023;03113;Rojales; 29 de junio, jueves, San Pedro Apóstol, 7 de octubre, sábado, Virgen del Rosario.
2022;03113;Rojales;29 de junio, miércoles, San Pedro Apóstol, 7 de octubre, viernes, Virgen del Rosario.
2021;03113;Rojales; 29 de junio, martes, San Pedro Apóstol y 7 de octubre, jueves, Virgen del Rosario.
2020;03113;Rojales; 29 de junio, lunes, San Pedro Apóstol y 7 de octubre, miércoles, Virgen del Rosario.
2019;03113;Rojales;29 de junio, sábado, San Pedro Apóstol y 7 de octubre, lunes, Virgen del Rosario.
2018;03113;Rojales;29 de junio, viernes, San Pedro Apóstol y 26 de diciembre, miércoles, segundo día Navidad.
2026;03113;Rojales;29 de junio, San Pedro Apóstol, 7 de octubre, Virgen del Rosario.
2026;03114;Romana (la);20 de marzo, Festividad de San José, 13 de abril, lunes de San Vicente Ferrer.
2018;03114;Romana (la);9 de abril, lunes, Festividad de San Vicente Ferrer y 26 de diciembre, miércoles, segundo día de Navidad.
2019;03114;Romana (la);29 de abril, lunes, Festividad de San Vicente Ferrer y 26 de diciembre, jueves, Segundo Día de Navidad.
2020;03114;Romana (la); 20 de abril, lunes, Festividad de San Vicente Ferrer y 20 de marzo, viernes.
2021;03114;Romana (la); 12 de abril, lunes, Festividad de San Vicente Ferrer y 11 de octubre, lunes.
2022;03114;Romana (la);25 de abril, lunes, Festividad de San Vicente Ferrer, 26 diciembre, lunes, Segundo día de Navidad.
2023;03114;Romana (la); 17 de abril, lunes, Festividad de San Vicente Ferrer, 26 diciembre, martes, Segundo día de Navidad.
2024;03114;Romana (la); 8 de abril, lunes de San Vicente, 26 de diciembre, jueves, segundo día de Navidad.
2025;03114;Romana (la);28 de abril, lunes de San Vicente Ferrer, 26 de diciembre, viernes, Segundo día de Navidad.
2025;03115;Sagra;8 de agosto, viernes, 26 de diciembre, viernes.
2024;03115;Sagra; 9 de agosto, viernes, 26 de diciembre, jueves.
2023;03115;Sagra; 11 de agosto, viernes, 26 de diciembre, martes.
2022;03115;Sagra;12 de agosto, viernes, 26 de diciembre, lunes.
2021;03115;Sagra; 12 de abril, lunes y 6 de agosto, viernes.
2020;03115;Sagra; 20 de abril, lunes y 7 de agosto, viernes.
2019;03115;Sagra;9 de agosto, viernes y 26 de diciembre, jueves.
2018;03115;Sagra;10 de agosto, viernes y 26 de diciembre, miércoles.
2026;03115;Sagra;13 de abril, 7 de agosto.
2026;03116;Salinas;25 y 26 de mayo, Fiestas de Moros y Cristianos en Honor a la Virgen del Rosario.
2018;03116;Salinas;28 y 29 de mayo, lunes y martes, respectivamente.
2019;03116;Salinas;3 y 4 de junio, lunes y martes, respectivamente.
2020;03116;Salinas; 25 y 26 de mayo, lunes y martes, respectivamente.
2021;03116;Salinas; 7 y 8 de octubre
2022;03116;Salinas;30 de mayo, lunes, 31 de mayo, martes.
2023;03116;Salinas; 22 y 23 de mayo, lunes y martes respectivamente, Fiestas de Moros y Cristianos en Honor a la Virgen del Rosario.
2024;03116;Salinas; 27 y 28 de mayo, lunes y martes respectivamente, fiestas de Moros y Cristianos en honor a la Virgen del Rosario.
2025;03116;Salinas;26 de mayo, lunes, Fiestas de Moros y Cristianos en Honor a la Virgen del Rosario, 27 de mayo, martes, Fiestas de Moros y Cristianos en Honor a la Virgen del Rosario.
2025;03117;Sanet y Negrals;4 de septiembre, jueves, 5 de septiembre, viernes.
2024;03117;Sanet y Negrals; 5 y 6 de septiembre, jueves y viernes respectivamente.
2023;03117;Sanet y Negrals; 7 y 8 de septiembre, jueves y viernes respectivamente.
2022;03117;Sanet y Negrals;8 y 9 de septiembre, jueves y viernes respectivamente.
2021;03117;Sanet y Negrals; 2 y 3 de septiembre, jueves y viernes respectivamente.
2020;03117;Sanet y Negrals; 3 y 4 de septiembre, jueves y viernes respectivamente, Fiestas Patronales.
2019;03117;Sanet y Negrals;5 y 6 de septiembre, jueves y viernes respectivamente, Fiestas Patronales.
2018;03117;Sanet y Negrals;6 y 7 de septiembre, jueves y viernes, respectivamente, Fiestas Patronales.
2026;03117;Sanet y Negrals;3 septiembre y 4 de septiembre.
2026;03118;San Fulgencio;16 de enero, Fiestas en honor al Patrón San Fulgencio, 8 de octubre, Fiestas en honor de la Virgen del Remedio.
2018;03118;San Fulgencio;16 y 17 de enero, martes y miércoles, respectivamente, Fiestas Patronales en honor al patrón San Fulgencio y al Copatrono San Antón.
2019;03118;San Fulgencio;16 y 17 de enero, miércoles y jueves, respectivamente, Fiestas Patronales en honor al patrón San Fulgencio y al Copatrono San Antón.
2020;03118;San Fulgencio; 16 y 17 de enero, jueves y viernes respectivamente, Fiestas Patronales en honor al patrón San Fulgencio y al Copatrono San Antón.
2021;03118;San Fulgencio; 1 de abril, jueves y 12 de abril lunes, fiestas patronales en honor al Patrón San Fulgencio y Copatrono San Antón.
2022;03118;San Fulgencio;17 de enero, lunes, 7 de octubre, viernes, fiestas patronales en honor de San Fulgencio y el Copatrono San Antón.
2023;03118;San Fulgencio; 16 de enero, lunes, 17 de enero, martes, con motivos de las Fiestas Patronales en honor al Patrón de San Fulgencio y Copatrono San Antón.
2024;03118;San Fulgencio; 16 de enero, martes, 17 de enero, miércoles, fiestas patronales en honor al patrón San Fulgencio y el copatrón San Antonio.
2025;03118;San Fulgencio;16 de enero, jueves, 17 de enero, viernes, con motivo de las Fiestas Patronales en honor al Patrón de San Fulgencio y Copatrono San Antón.
2025;03119;Sant Joan d'Alacant;24 de junio, martes, festividad de San Juan, 15 de septiembre, lunes, fiestas patronales.
2024;03119;Sant Joan d'Alacant; 24 de junio, lunes, 14 de septiembre, sábado, fiestas del Cristo.
2023;03119;Sant Joan d'Alacant; 14 de septiembre, jueves, festividad del Cristo de la Paz, 15 de septiembre, viernes, fiestas patronales.
2022;03119;Sant Joan d'Alacant;14 de septiembre, miércoles, festividad del Cristo de la Paz, 16 de septiembre, viernes, fiestas patronales.
2021;03119;Sant Joan d'Alacant; 8 de marzo, lunes, día de la mujer y 14 de septiembre, martes, festividad de Cristo de la Paz.
2020;03119;Sant Joan d'Alacant; 14 de septiembre y 15 de septiembre.
2019;03119;Sant Joan d'Alacant;8 de marzo, viernes y 14 de septiembre, sábado, Festividad del Cristo de la Paz.
2018;03119;Sant Joan d'Alacant;25 de junio, lunes, Festividad de San Juan Bautista, y 14 de septiembre, viernes, Festividad del Cristo de la Paz.
2026;03119;Sant Joan d'Alacant;23 de junio, 14 de septiembre.
2026;03120;San Miguel de Salinas;28 de septiembre y 29 de septiembre.
2018;03120;San Miguel de Salinas;28 de septiembre, viernes y 26 de diciembre, miércoles.
2019;03120;San Miguel de Salinas;30 de septiembre, lunes y 26 de diciembre, jueves.
2020;03120;San Miguel de Salinas; 28 y 29 de septiembre, lunes y martes, respectivamente.
2021;03120;San Miguel de Salinas; 28 y 29 de septiembre, martes y miércoles, respectivamente.
2022;03120;San Miguel de Salinas;29 de septiembre, jueves, 26 de diciembre, lunes.
2023;03120;San Miguel de Salinas; 29 de septiembre, viernes, 26 de diciembre, martes.
2024;03120;San Miguel de Salinas; 30 de septiembre, lunes, 26 de diciembre, jueves.
2025;03120;San Miguel de Salinas;29 de septiembre, lunes, 26 de diciembre, viernes.
2025;03121;Santa Pola;16 de julio, miércoles, Virgen del Carmen, 8 de septiembre, lunes.
2024;03121;Santa Pola; 15 de abril, lunes, San Vicente, 16 de julio, martes, Virgen del Carmen.
2023;03121;Santa Pola; 17 de abril, lunes, San Vicente Ferrer, 8 de septiembre, viernes, Virgen de Loreto.
2022;03121;Santa Pola;16 de julio, sábado, Virgen del Carmen, 8 de septiembre, jueves, Virgen de Loreto.
2021;03121;Santa Pola; 16 de julio, viernes, Virgen del Carmen y 8 de septiembre, miércoles, Virgen de Loreto.
2020;03121;Santa Pola; 16 de julio, jueves, Virgen del Carmen y 8 de septiembre, martes, Virgen de Loreto.
2019;03121;Santa Pola;29 de abril, lunes, San Vicente y 16 de julio, martes, Virgen del Carmen.
2018;03121;Santa Pola;16 de julio, lunes, Virgen del Carmen y 8 de septiembre, sábado, Virgen de Loreto.
2026;03121;Santa Pola;16 de julio, Virgen del Carmen, 8 de septiembre, Virgen de Loreto.
2026;03122;Sant Vicent del Raspeig/San Vicente del Raspeig;13 de abril y 14 de abril, Fiestas Patronales y de Moros y Cristianos.
2018;03122;Sant Vicent del Raspeig/San Vicente del Raspeig;9 y 10 de abril, lunes y martes, respectivamente.
2019;03122;Sant Vicent del Raspeig/San Vicente del Raspeig;29 y 30 de abril, lunes y martes, respectivamente.
2020;03122;Sant Vicent del Raspeig/San Vicente del Raspeig; 20 y 21 de abril, lunes y martes, respectivamente.
2021;03122;Sant Vicent del Raspeig/San Vicente del Raspeig; 12 y 13 de abril, lunes y martes, respectivamente.
2022;03122;Sant Vicent del Raspeig/San Vicente del Raspeig;25 y 26 de abril, lunes y martes, respectivamente.
2023;03122;Sant Vicent del Raspeig/San Vicente del Raspeig; 17 y 18 de abril, lunes y martes, respectivamente.
2024;03122;Sant Vicent del Raspeig/San Vicente del Raspeig; 8 y 9 de abril, lunes y martes, respectivamente.
2025;03122;Sant Vicent del Raspeig/San Vicente del Raspeig;28 de abril, lunes, Fiestas Patronales y de Moros y Cristianos, 29 de abril, martes, Fiestas Patronales y de Moros y Cristianos.
2025;03123;Sax;3 de febrero, lunes (San Blas), 26 de diciembre, viernes (Cabildo).
2024;03123;Sax; 18 de marzo, lunes, 26 de diciembre, jueves.
2023;03123;Sax; 3 de febrero, viernes, 26 de diciembre, martes
2022;03123;Sax;3 de febrero, jueves, San Blas, 26 de diciembre, lunes.
2021;03123;Sax; 3 de febrero, miércoles, y 27 de diciembre, lunes.
2020;03123;Sax; 3 de febrero y 26 de diciembre
2019;03123;Sax;18 de marzo, lunes y 26 de diciembre, jueves.
2018;03123;Sax;3 de febrero, sábado y 26 de diciembre, miércoles.
2026;03123;Sax;3 de febrero, San Blas, 26 de diciembre, Cabildo.
2026;03124;Sella;5 de octubre y 6 de octubre.
2018;03124;Sella;8 de octubre, lunes y 10 de octubre, miércoles.
2019;03124;Sella;7 y 8 de octubre, lunes y martes, respectivamente.
2020;03124;Sella; 5 y 6 de octubre, lunes y martes, respectivamente.
2021;03124;Sella; 4 y 5 de octubre, lunes y martes, respectivamente.
2022;03124;Sella;3 y 4 de octubre, lunes y martes, respectivamente.
2023;03124;Sella; 2 y 3 de octubre, lunes y martes, respectivamente.
2024;03124;Sella; 7 y 8 de octubre, lunes y martes, respectivamente.
2025;03124;Sella;6 de octubre, lunes, 7 de octubre, martes.
2025;03125;Senija;5 de mayo, lunes, fiestas patronales en honor a la Virgen de los Desamparados de Senija, 6 de mayo, martes, fiestas patronales en honor a la Virgen de los Desamparados de Senija.
2024;03125;Senija; 6 de mayo, lunes, 7 de mayo martes.
2023;03125;Senija; 8 de mayo, lunes, 9 de mayo martes.
2022;03125;Senija;2 de mayo, lunes, 3 de mayo martes.
2021;03125;Senija; 4 y 5 de octubre
2020;03125;Senija; 4 y 5 de mayo, lunes y martes, respectivamente.
2019;03125;Senija;6 y 7 de mayo, lunes y martes, respectivamente.
2018;03125;Senija;7 y 8 de mayo, lunes y martes, respectivamente.
2026;03125;Senija;4 de mayo y 5 de mayo, respectivamente, Fiestas patronales en honor a la Virgen de los Desamparados de Senija.
2026;03127;Tárbena;3 de agosto, 4 de diciembre.
2018;03127;Tárbena;6 de agosto, lunes y 4 de diciembre, martes.
2019;03127;Tárbena;5 de agosto, lunes y 4 de diciembre, miércoles.
2020;03127;Tárbena; 3 de agosto, lunes y 4 de diciembre, viernes.
2021;03127;Tárbena; 9 de agosto, lunes y 3 de diciembre, viernes.
2022;03127;Tárbena;8 de agosto, lunes, 2 de diciembre, viernes.
2023;03127;Tárbena; 7 de agosto, lunes, 4 de diciembre, lunes.
2024;03127;Tárbena; 5 de agosto, lunes, 4 de diciembre, miércoles
2025;03127;Tárbena;4 de agosto, lunes, 4 de diciembre, jueves.
2025;03128;Teulada;28 de abril, lunes, San Vicente Ferrer, 15 de julio, martes, Virgen de los Desamparados.
2024;03128;Teulada; 8 de abril, lunes, San Vicente Ferrer, 15 de julio, lunes, Virgen de los Desamparados.
2023;03128;Teulada; 17 de abril, lunes, San Vicente Ferrer, 15 de julio, sábado, Virgen de los Desamparados.
2022;03128;Teulada;25 de abril, lunes, San Vicente Ferrer, 15 de julio, viernes, Virgen de los Desamparados.
2021;03128;Teulada; 12 de abril, lunes, San Vicente Ferrer y 15 de julio, jueves, Virgen de los Desamparados.
2020;03128;Teulada; 20 de abril, lunes, San Vicente Ferrer y 15 de julio, miércoles, Virgen de los Desamparados.
2019;03128;Teulada;29 de abril, lunes, San Vicente Ferrer y 15 de julio, lunes, Virgen de los Desamparados.
2018;03128;Teulada;9 de abril, lunes, Festividad de San Vicente Ferrer y 16 de julio, lunes, Festividad de la Virgen del Carmen.
2026;03128;Teulada;13 de abril, San Vicente Ferrer, 15 de julio, Virgen de los Desamparados.
2026;03129;Tibi;13 de abril, San Vicente, 22 de julio, Día de la Santa.
2018;03129;Tibi;9 de abril, lunes, San Vicente y 26 de diciembre, miércoles, segundo día de Navidad.
2019;03129;Tibi;29 de abril, lunes, San Vicente y 26 de diciembre, jueves.
2020;03129;Tibi; 20 de abril, lunes, Sant Vicent y 2 de noviembre, lunes.
2021;03129;Tibi; 12 de abril, lunes, San Vicente Ferrer y 26 de julio, lunes.
2022;03129;Tibi;25 de abril, lunes, San Vicente Ferrer, 26 de julio, martes.
2023;03129;Tibi; 17 de abril, lunes, Sant Vicent, 26 de diciembre, martes.
2024;03129;Tibi; 8 de abril, lunes de San Vicente, 26 de diciembre, jueves.
2025;03129;Tibi;28 de abril, lunes, San Vicente, 26 de diciembre, viernes.
2025;03130;Tollos;25 de julio, viernes, 26 de julio, sábado.
2024;03130;Tollos; 26 y 27 de julio, viernes y sábado, fiestas patronales.
2023;03130;Tollos; 28 y 29 de julio, viernes y sábado, fiestas patronales.
2022;03130;Tollos;29 y 30 de julio, viernes y sábado, fiestas patronales.
2021;03130;Tollos; 23 y 24 de julio, viernes y sábado.
2020;03130;Tollos; 23 y 24 de julio, jueves y viernes.
2019;03130;Tollos;25 y 26 de julio, jueves y viernes.
2018;03130;Tollos;27 y 28 de julio viernes y sábado.
2026;03130;Tollos;24 de julio y 25 de julio, fiestas patronales.
2026;03131;Tormos;13 de abril, 28 de agosto.
2018;03131;Tormos;31, agosto, viernes, y 26 de diciembre, miércoles.
2019;03131;Tormos;18 de marzo, lunes y 30 de abril, martes.
2020;03131;Tormos; 20 de marzo, viernes y 20 de abril, lunes.
2021;03131;Tormos; 12 de abril, lunes i 11 de octubre lunes.
2022;03131;Tormos;25 de abril, lunes, 31 de octubre lunes.
2023;03131;Tormos; 17 de abril, lunes, 1 de septiembre, viernes.
2024;03131;Tormos; 8 de abril, lunes, 30 de agosto, viernes.
2025;03131;Tormos;28 de abril, lunes, 29 de agosto, viernes.
2025;03132;Torre de les Maçanes (La)/Torremanzanas;9 de mayo, viernes, San Gregorio, 25 de julio, viernes, Santa Ana.
2024;03132;Torre de les Maçanes (La)/Torremanzanas; 9 de mayo, jueves, San Gregorio, 26 de julio, viernes, Santa Ana.
2023;03132;Torre de les Maçanes (La)/Torremanzanas; 9 de mayo, martes, San Gregorio, 26 de julio, miércoles, Santa Ana.
2022;03132;Torre de les Maçanes (La)/Torremanzanas;9 de mayo, lunes, San Gregorio, 26 de julio, martes, Santa Ana.
2021;03132;Torre de les Maçanes (La)/Torremanzanas; 10 de mayo, lunes, San Gregorio y 26 de julio, lunes, Santa Ana.
2020;03132;Torre de les Maçanes (La)/Torremanzanas; 8 de mayo, viernes, San Gregorio y 24 de julio, viernes, Santa Ana.
2019;03132;Torre de les Maçanes (La)/Torremanzanas;9 de mayo, jueves, San Gregorio y 26 de julio, viernes, Santa Ana.
2018;03132;Torre de les Maçanes (La)/Torremanzanas;9 de mayo, miércoles, y 26 de julio, jueves.
2026;03132;Torre de les Maçanes (La)/Torremanzanas;8 de mayo, San Gregorio, 27 de julio, Santa Ana.
2026;03133;Torrevieja;13 de abril, San Vicente Ferrer, 16 de julio, Virgen del Carmen.
2018;03133;Torrevieja;9 de abril, lunes, San Vicente Ferrer y 26 de diciembre, miércoles, Segundo Día de Navidad.
2019;03133;Torrevieja;29 de abril, lunes, San Vicente Ferrer y 26 de diciembre, jueves, Segundo día de Navidad.
2020;03133;Torrevieja; 20 de abril, lunes, San Vicente Ferrer y 16 de julio, jueves, Virgen del Carmen.
2021;03133;Torrevieja; 12 de abril, lunes, San Vicente Ferrer y 16 de julio, viernes, Virgen del Carmen.
2022;03133;Torrevieja;25 de abril, lunes, San Vicente Ferrer, 26 de diciembre, lunes, Segundo día de Navidad.
2023;03133;Torrevieja; 17 de abril, lunes, San Vicente Ferrer, 26 de diciembre, martes, Segundo día de Navidad.
2024;03133;Torrevieja; 8 de abril, lunes, San Vicente Ferrer, 16 de julio, martes, Virgen del Carmen.
2025;03133;Torrevieja;28 de abril, lunes, San Vicente Ferrer, 16 de julio, miércoles, Virgen del Carmen.
2025;03134;Vall d'Alcalà (la);17 de enero, viernes, fiesta de San Antonio, 4 de agosto, lunes, fiesta patronal de Alcalá de la Jovada.
2024;03134;Vall d'Alcalà (la); 17 de enero, miércoles, fiesta de San Antonio, 5 de agosto, lunes, fiestas Patronales de Alcalá de la Jovada.
2024;03134;Vall d'Alcalà (la); 30 y 31 de agosto, viernes y sábado respectivamente.
2023;03134;Vall d'Alcalà (la); 17 de enero, martes, San Antonio Abad, 7 de agosto, lunes fiesta patronal. BENIAIA: 25 de agosto, viernes, 26 de agosto sábado Fiestas Patronales.
2022;03134;Vall d'Alcalà (la);17 de enero, lunes, San Antonio , 8 de agosto, lunes fiesta patronal. BENIAIA: 26 de agosto, viernes, 27 de agosto sábado fiestas patronales.
2021;03134;Vall d'Alcalà (la); 15 de enero, viernes, San Antonio y 9 de agosto, lunes, fiesta patronal. BENIAIA:  27 de agosto, viernes y 30 de agosto lunes Fiestas Patronales.
2020;03134;Vall d'Alcalà (la); 17 de enero, viernes, San Antonio y 10 de agosto, lunes, Fiestas Patronales.
2019;03134;Vall d'Alcalà (la);18 de enero, viernes, San Antonio y 11 de octubre, viernes, Virgen del Pilar.
2018;03134;Vall d'Alcalà (la);19 de enero, viernes, San Antonio Abad y 8 de octubre, lunes, Virgen del Pilar.
2026;03134;Vall d'Alcalà (la);19 de enero, fiesta de San Antonio, 28 de agosto, fiesta patronal de Alcalá de la Jovada.
2026;03135;Vall d'Ebo (La);13 de abril, San Vicente Ferrer, 10 de agosto, Fiestas Patronales.
2018;03135;Vall d'Ebo (La);9 de abril, lunes y 6 de agosto, lunes.
2019;03135;Vall d'Ebo (La);29 de abril, lunes y 5 de agosto, lunes.
2020;03135;Vall d'Ebo (La); 20 de abril, lunes y 10 de agosto, lunes.
2021;03135;Vall d'Ebo (La); 12 de abril, lunes y 9 de agosto, lunes.
2022;03135;Vall d'Ebo (La);25 de abril, lunes, 8 de agosto, lunes.
2023;03135;Vall d'Ebo (La); 17 de abril, lunes, 7 de agosto, lunes.
2024;03135;Vall d'Ebo (La); 8 de abril, lunes, 5 de agosto, lunes.
2025;03135;Vall d'Ebo (La);28 de abril, lunes, San Vicente Ferrer, 4 de agosto, lunes, Fiestas Patronales.
2025;03136;Vall de Gallinera;28 de abril, lunes, Festividad de San Vicente Ferrer, 26 de diciembre, viernes, Segundo Día Navidad.
2024;03136;Vall de Gallinera; 8 de abril, lunes, San Vicente Ferrer, 26 de diciembre, jueves, segundo día de Navidad.
2023;03136;Vall de Gallinera; 17 de abril, lunes, San Vicente Ferrer, 26 de diciembre, martes, segundo día de Navidad.
2022;03136;Vall de Gallinera;25 de abril, lunes, San Vicente Ferrer, 26 de diciembre, lunes, segundo día de Navidad.
2021;03136;Vall de Gallinera; 12 de abril, lunes y 9 de agosto, lunes.
2020;03136;Vall de Gallinera; 20 de abril, lunes, San Vicente, y 10 de agosto, lunes, Fiestas Patronales.
2019;03136;Vall de Gallinera;29 de abril, lunes, San Vicente, y 12 de agosto, lunes, Fiestas Patronales.
2018;03136;Vall de Gallinera;9 de abril, lunes, San Vicente, y 13 de agosto, lunes, Fiestas Patronales.
2026;03136;Vall de Gallinera;13 de abril, San Vicente Ferrer, 23 de diciembre, Festivo de Navidad.
2026;03137;Vall de Laguart (La);2 de abril, Jueves Santo, 13 de abril, San Vicente Ferrer.
2018;03137;Vall de Laguart (La);9 de abril, lunes, San Vicente Ferrer y 26 de diciembre, miércoles, segundo día de Navidad.
2019;03137;Vall de Laguart (La);29 de abril, lunes, San Vicente Ferrer y 26 de diciembre, jueves, segundo día de Navidad.
2020;03137;Vall de Laguart (La); 9 de abril, Jueves Santo y 20 de abril, lunes, San Vicente Ferrer.
2021;03137;Vall de Laguart (La); 1 de abril, Jueves Santo y 12 de abril, lunes, San Vicente Ferrer.
2022;03137;Vall de Laguart (La);25 de abril, lunes, San Vicente Ferrer, 26 de diciembre, lunes, Segundo día de Navidad.
2023;03137;Vall de Laguart (La); 17 de abril, lunes, San Vicente Ferrer, 26 de diciembre, martes, Segundo día de Navidad.
2024;03137;Vall de Laguart (La); 8 de abril, lunes, San Vicente Ferrer, 26 de diciembre, jueves, segundo día de Navidad.
2025;03137;Vall de Laguart (La);28 de abril, lunes, San Vicente Ferrer, 26 de diciembre, viernes, Segundo día de Navidad.
2025;03138;Verger (el);28 de abril, lunes, San Vicente, 26 de diciembre, viernes, segundo día de Navidad.
2024;03138;Verger (el); 8 de abril, lunes, San Vicente, 16 de agosto, viernes, San Roque.
2023;03138;Verger (el); 17 de abril, lunes, 16 de agosto, miércoles.
2022;03138;Verger (el);25 de abril, lunes, 16 de agosto, martes.
2021;03138;Verger (el); 12 de abril, lunes y 16 de agosto, lunes.
2020;03138;Verger (el); 20 de marzo, viernes y 20 de abril, lunes.
2019;03138;Verger (el);29 de abril, lunes y 16 de agosto, viernes.
2018;03138;Verger (el);9 de abril, lunes y 16 de agosto, jueves.
2026;03138;Verger (el);13 de abril, San Vicente, 14 de agosto, San Isidro.
2026;03139;Vila Joiosa (La)/Villajoyosa;29 de julio, Festividad de Santa Marta, 29 de septiembre, Festividad de San Miguel.
2018;03139;Vila Joiosa (La)/Villajoyosa;25 de julio, miércoles, festividad de San Jaime, y 29 de septiembre, sábado, Festividad de San Miguel.
2019;03139;Vila Joiosa (La)/Villajoyosa;25 de julio, jueves, Festividad de San Jaime, y 29 de julio, lunes, Santa Marta.
2020;03139;Vila Joiosa (La)/Villajoyosa; 29 de julio, miércoles, Festividad de Santa Marta, y 29 de septiembre, martes, Festividad de San Miguel.
2021;03139;Vila Joiosa (La)/Villajoyosa; 29 de julio, jueves, Festividad de Santa Marta, y 29 de septiembre, miércoles, Festividad de San Miguel.
2022;03139;Vila Joiosa (La)/Villajoyosa;29 de julio, viernes, Festividad de Santa Marta, 29 de septiembre, jueves, Festividad de San Miguel.
2023;03139;Vila Joiosa (La)/Villajoyosa; 29 de julio, sábado, festividad de Santa Marta, 29 de septiembre, viernes, festividad de San Miguel.
2024;03139;Vila Joiosa (La)/Villajoyosa; 29 de julio, lunes, festividad de Santa Marta, 25 de julio, jueves, festividad de Sant Jaume.
2025;03139;Vila Joiosa (La)/Villajoyosa;29 de julio, martes, Festividad de Santa Marta, 29 de septiembre, lunes, Festividad de San Miguel.
2025;03140;Villena;28 de abril, lunes, San Vicente, 10 de septiembre, miércoles, día posterior a la celebración de las Fiestas Patronales.
2024;03140;Villena; 8 de abril, lunes de San Vicente, 10 de septiembre, martes, día posterior a la celebración de las fiestas patronales.
2023;03140;Villena; 17 de abril, lunes, San Vicente Ferrer y 8 de septiembre, viernes, día de la patrona de Ntra. Sra. de M.ª de las Virtudes.
2022;03140;Villena;25 de abril, lunes, San Vicente Ferrer, 8 de septiembre, jueves, día de la patrona de Ntra. Sra. de las Virtudes.
2021;03140;Villena; 12 de abril, lunes, San Vicente y 8 de septiembre, miércoles, día de la patrona de Ntra. Sra. de M.ª de las Virtudes.
2020;03140;Villena; 9 de abril, Jueves Santo y 20 de abril, lunes, San Vicente.
2019;03140;Villena;18 de abril, Jueves Santo y 29 de abril, lunes, San Vicente.
2018;03140;Villena;29 de marzo, Jueves Santo y 9 de abril, lunes, San Vicente.
2026;03140;Villena;13 de abril, San Vicente, 10 de septiembre, día posterior a la celebración de las Fiestas Patronales.
2026;03901;Poblets (els);13 de abril, Festividad de San Vicente Ferrer, 6 de agosto, Día del Salvador.
2018;03901;Poblets (els);9 de abril, lunes, festividad de San Vicente Ferrer y 6 de agosto, lunes, Festividad del Salvador.
2019;03901;Poblets (els);29 de abril, lunes, festividad de San Vicente Ferrer y 6 de agosto, martes, Festividad del Salvador.
2020;03901;Poblets (els); 20 de abril, lunes, festividad de San Vicente Ferrer y 6 de agosto, jueves, Festividad del Diví Salvador.
2021;03901;Poblets (els); 12 de abril, lunes, festividad de San Vicente Ferrer y 6 de agosto, viernes, Festividad del Divino Salvador.
2022;03901;Poblets (els);25 de abril, lunes, festividad de San Vicente Ferrer, 6 de agosto, sábado, Festividad del Divino Salvador.
2023;03901;Poblets (els); 17 de abril, lunes, festividad de San Vicente Ferrer, 26 de diciembre, martes, segundo Día de Navidad.
2024;03901;Poblets (els); 8 de abril, lunes, festividad de San Vicente Ferrer, 6 de agosto, martes, día del Salvador.
2025;03901;Poblets (els);28 de abril, lunes, festividad de San Vicente Ferrer, 6 de agosto, miércoles, Día del Salvador.
2025;03902;Pilar de la Horadada;30 de julio, miércoles, aniversario de la Segregación, 10 de octubre, viernes, fiestas patronales de la Virgen del Pilar.
2024;03902;Pilar de la Horadada; 30 de julio, martes, aniversario de la Segregación, 11 de octubre, viernes, día anterior a la festividad de la Virgen del Pilar.
2023;03902;Pilar de la Horadada; 11 de octubre, miércoles, día anterior a la festividad de la Virgen del Pilar, 13 de octubre, viernes, día posterior a la festividad de la Virgen del Pilar.
2022;03902;Pilar de la Horadada;10 de octubre, lunes, día posterior a la festividad de la Comunitat Valenciana, 11 de octubre, martes, día anterior a la festividad de la Virgen del Pilar.
2021;03902;Pilar de la Horadada; 30 de julio, viernes, aniversario de la Segregación y 11 de octubre, lunes, día anterior a la festividad de la Virgen del Pilar.
2020;03902;Pilar de la Horadada; 30 de julio, jueves, aniversario de la Segregación y 13 de octubre, martes, día posterior a la festividad de la Virgen del Pilar.
2019;03902;Pilar de la Horadada;30 de julio, martes y 11 de octubre, viernes.
2018;03902;Pilar de la Horadada;30 de julio, lunes, y 11 de octubre, jueves.
2026;03902;Pilar de la Horadada;30 de julio, aniversario de la Segregación, 13 de octubre, día posterior a la Festividad de la Virgen del Pilar.
2026;03903;Montesinos (Los);30 de julio, fiestas Segregación del Ayuntamiento, 13 de octubre.
2018;03903;Montesinos (Los);30 de julio, lunes, Fiesta Aniversario de la Segregación y 11 de octubre, jueves, Fiestas Patronales Virgen del Pilar.
2019;03903;Montesinos (Los);30 de julio, martes y 11 de octubre, viernes.
2020;03903;Montesinos (Los); 9 de abril, Jueves Santo y 30 de julio, jueves.
2021;03903;Montesinos (Los); 30 de julio, viernes, 11 de octubre, lunes.
2022;03903;Montesinos (Los);29 de julio, viernes, Fiestas de Segregación, 11 de octubre, martes.
2023;03903;Montesinos (Los); 31 de julio, lunes, Fiestas de Segregación, 11 de octubre, miércoles.
2024;03903;Montesinos (Los); 30 de julio, martes, fiestas de Segregación, 11 de octubre, viernes.
2025;03903;Montesinos (Los);30 de julio, miércoles, fiestas Segregación del Ayuntamiento, 10 de octubre, viernes.
2025;03904;San Isidro;15 de mayo, jueves, 26 de diciembre, viernes.
2024;03904;San Isidro; 18 de marzo, lunes, 15 de mayo, miércoles.
2023;03904;San Isidro; 15 de mayo, lunes, 7 de diciembre, jueves.
2022;03904;San Isidro;16 de mayo, lunes, 9 de diciembre, viernes.
2021;03904;San Isidro; 14 de mayo, viernes y 7 de diciembre, martes
2020;03904;San Isidro; 20 de marzo, viernes y 15 de mayo, viernes.
2019;03904;San Isidro;18 de marzo, lunes y 15 de mayo, miércoles.
2018;03904;San Isidro;14 de mayo, lunes y 15 de mayo, martes.
2026;03904;San Isidro;15 de mayo, Festividad de San Isidro Labrador, 7 de diciembre, Festividad de San Ambrosio.